84,91,84,1,0
40,51,56,0,0
74,77,68,0,1
67,72,52,0,0
57,68,71,0,1
45,54,102,0,0
53,60,79,1,0
62,70,90,0,1
68,72,70,1,0
86,96,64,0,1
48,50,77,0,0
66,69,24,0,0
71,76,94,0,0
87,89,76,1,0
58,71,18,1,0
39,51,62,0,0
88,95,80,0,1
47,54,94,0,0
47,57,93,0,0
60,66,80,0,0
60,62,84,0,0
51,60,45,0,1
78,87,94,0,1
47,52,34,0,0
56,63,94,0,1
41,70,80,0,1
45,53,104,0,0
56,79,62,1,0
53,56,42,0,0
55,60,56,1,0
53,59,47,0,0
49,50,65,0,0
52,62,66,0,0
58,72,83,1,0
53,56,58,0,1
63,64,75,0,1
67,75,19,0,0
48,64,14,0,0
56,57,37,0,0
94,96,90,0,1
45,50,91,0,0
68,74,70,1,0
74,72,40,0,1
51,61,46,0,0
65,42,13,0,0
51,56,37,0,0
63,83,54,1,0
56,62,81,0,0
60,64,86,0,0
62,69,90,0,0
51,58,95,0,1
59,77,52,1,0
60,65,92,0,1
60,71,60,0,0
85,95,93,1,0
54,58,56,0,0
59,68,116,0,0
69,73,36,0,0
90,95,100,1,0
69,73,40,0,0
47,49,80,0,0
74,61,74,0,1
48,57,14,0,0
77,83,54,1,0
52,58,68,0,0
50,60,89,1,0
83,90,32,1,0
52,42,16,0,0
50,57,42,0,0
67,75,36,0,0
63,47,32,0,0
61,69,30,0,0
68,74,66,1,0
57,67,64,0,1
72,73,75,0,1
59,76,103,0,1
47,54,81,0,0
64,45,18,0,0
75,83,100,0,1
49,50,64,0,0
90,98,99,1,0
70,82,69,0,0
69,61,20,0,0
88,92,30,1,0
54,64,94,0,1
45,55,44,0,0
46,55,44,0,0
75,89,98,1,0
52,55,78,0,0
104,116,115,1,0
72,81,42,1,0
66,66,37,0,0
58,65,66,0,0
79,86,71,1,0
55,60,90,0,0
66,71,36,0,0
63,76,54,1,0
37,45,82,0,0
53,63,78,0,1
70,81,70,0,0
72,75,85,0,0
55,63,65,0,0
71,74,57,0,1
61,66,84,0,0
72,77,88,0,0
59,66,105,0,0
71,75,71,1,0
41,53,60,0,0
43,56,76,0,0
51,54,64,0,0
50,72,33,1,0
78,77,82,0,1
59,65,98,0,1
47,52,31,1,0
63,72,75,0,1
50,54,57,0,0
56,65,69,0,0
53,50,31,0,0
61,72,51,0,0
59,49,44,0,1
51,56,84,0,0
91,95,100,1,0
67,64,54,0,1
49,50,50,0,0
59,59,101,0,1
51,47,27,0,0
76,72,86,0,1
89,94,65,0,1
46,52,54,0,0
64,67,113,1,0
55,53,57,0,1
49,54,57,0,1
60,67,64,1,0
90,93,86,1,0
58,62,82,0,0
45,52,77,0,0
63,75,24,1,0
89,96,95,0,1
42,47,102,0,1
45,43,26,0,0
72,68,89,0,1
36,48,60,0,0
48,51,77,0,0
42,39,24,0,0
71,73,93,1,0
44,48,20,0,1
54,63,73,0,0
62,70,70,0,0
46,53,94,1,0
104,113,92,1,0
46,54,67,0,0
55,62,24,0,0
51,56,52,0,0
46,50,55,0,0
54,77,84,0,0
38,46,112,0,0
55,64,92,0,1
55,57,112,0,0
71,82,44,1,0
45,52,61,0,0
74,71,82,0,1
51,55,97,0,1
64,71,56,1,0
44,49,94,0,1
80,76,53,0,1
60,47,33,0,0
42,53,57,1,0
47,56,52,0,0
41,52,48,0,0
64,67,105,0,0
87,96,68,1,0
35,41,38,0,1
39,49,82,0,0
51,42,22,0,0
56,57,84,0,0
60,67,66,0,0
85,90,33,1,0
86,98,78,1,0
66,75,50,0,0
60,68,80,0,1
85,95,106,1,0
51,60,97,0,0
47,59,35,0,0
46,52,59,0,0
106,115,95,1,0
36,29,18,0,0
89,98,80,1,0
67,71,48,0,0
47,54,99,0,0
60,64,52,0,0
84,88,76,1,0
36,39,32,0,0
72,78,77,1,0
60,67,66,0,0
108,114,89,1,0
58,63,78,0,1
55,74,46,1,0
55,64,48,0,0
68,75,42,0,0
72,83,65,1,0
47,52,78,0,0
81,82,57,0,1
56,55,35,0,0
48,50,46,0,0
80,87,26,0,1
50,46,54,0,0
51,53,94,0,1
91,85,70,0,1
44,51,98,0,0
85,90,74,0,1
60,63,50,0,0
87,95,77,0,1
53,56,66,0,0
46,52,105,0,0
67,69,86,0,0
50,52,28,0,0
48,52,83,0,0
57,73,82,1,0
35,48,69,0,0
68,72,49,0,0
40,45,14,0,0
80,84,95,1,0
63,72,93,0,0
48,51,58,0,0
60,64,65,1,0
57,62,95,0,1
46,55,58,0,0
100,105,87,0,1
88,92,87,1,0
47,54,64,0,0
48,50,61,0,0
51,60,90,0,0
66,86,36,1,0
54,58,29,0,0
62,63,45,0,0
53,64,38,1,0
47,56,36,0,0
69,71,90,0,0
80,83,58,1,0
54,64,63,0,0
45,49,43,0,0
45,48,114,0,0
58,65,89,0,1
49,51,63,0,0
67,72,55,0,0
60,62,80,0,1
48,59,47,0,0
49,54,84,0,0
88,94,96,1,0
98,100,82,0,1
48,51,81,0,0
63,67,96,0,1
75,110,38,1,0
52,47,16,0,0
56,56,16,0,0
53,59,96,0,0
49,54,102,0,1
34,30,27,0,0
71,80,70,0,0
61,63,70,0,0
71,80,76,0,0
53,55,37,0,0
68,73,94,1,0
51,53,31,0,0
78,80,62,0,1
49,54,82,0,0
59,59,61,1,0
42,37,29,0,0
62,69,53,0,0
41,45,12,0,1
35,35,46,0,0
65,76,37,0,0
72,87,102,1,0
92,111,70,1,0
72,81,66,1,0
56,65,30,0,1
56,62,85,0,0
63,47,29,0,0
65,73,72,0,1
41,48,110,0,0
59,64,70,0,0
103,113,50,0,1
83,88,79,0,1
47,52,53,0,0
79,90,39,1,0
51,58,107,0,0
39,51,47,0,0
51,57,80,0,0
51,60,76,0,0
52,62,42,0,0
54,62,65,0,0
49,52,110,0,1
66,69,82,0,1
52,61,58,0,0
67,76,21,0,0
71,78,74,1,0
68,79,46,0,0
71,78,44,0,1
38,47,104,0,0
69,73,50,0,0
82,84,90,1,0
54,57,46,1,0
41,71,76,1,0
47,49,42,0,0
108,112,90,1,0
82,94,74,0,1
53,57,13,0,0
56,83,54,1,0
78,101,87,1,0
37,47,80,0,0
61,58,62,0,0
42,48,106,0,1
45,44,29,0,0
46,52,83,0,0
51,46,32,0,0
62,66,30,1,0
68,70,59,1,0
86,104,56,1,0
61,66,75,0,0
55,57,28,0,0
46,53,100,0,0
101,102,114,1,0
63,75,110,0,1
45,55,58,0,0
87,93,70,0,1
61,64,82,0,0
71,75,84,0,0
54,62,52,0,0
51,57,80,0,0
40,46,19,0,1
48,49,71,1,0
65,70,115,0,0
61,85,45,1,0
72,78,105,0,1
62,44,19,0,0
61,66,82,0,0
69,83,50,1,0
53,58,83,0,0
69,75,102,0,0
66,68,35,0,0
47,57,38,1,0
50,44,46,1,0
77,75,82,0,1
35,42,114,0,1
51,57,40,0,0
73,94,68,0,0
85,88,112,1,0
35,40,38,0,0
53,58,33,0,0
53,78,87,0,0
68,69,37,0,0
87,100,83,0,1
70,73,88,0,1
68,76,30,0,0
72,74,90,0,1
48,52,100,0,1
49,51,52,0,1
66,70,70,0,1
62,62,96,0,1
55,55,20,0,0
50,52,30,0,0
53,65,51,0,0
74,79,84,1,0
59,68,106,0,0
62,64,90,1,0
62,71,92,0,0
53,58,94,0,0
53,55,35,0,0
48,58,51,0,0
71,71,97,0,0
87,94,87,1,0
60,68,111,0,0
54,58,18,0,0
55,61,82,0,0
47,53,114,0,0
53,59,74,0,0
56,60,102,0,0
74,86,59,1,0
55,58,101,0,0
45,50,24,0,1
87,82,72,0,1
88,96,109,1,0
111,112,68,0,1
73,71,67,1,0
71,72,74,0,1
47,57,40,1,0
60,72,78,1,0
63,81,54,1,0
40,48,79,0,0
83,79,58,0,1
46,53,73,0,0
109,110,43,0,1
52,58,92,0,0
52,59,28,0,0
84,92,86,1,0
66,74,53,0,1
42,50,66,0,0
78,85,108,1,0
46,48,48,0,1
70,67,26,0,0
87,81,73,0,1
51,48,37,0,0
106,116,114,1,0
60,69,50,0,0
41,51,64,1,0
94,90,80,0,1
68,73,50,0,0
61,69,35,0,0
60,61,71,0,0
66,84,38,1,0
58,67,29,0,1
65,73,114,0,1
45,38,18,0,0
77,74,63,0,1
39,44,41,0,1
60,69,98,0,0
82,91,63,1,0
48,61,22,0,0
67,77,55,0,0
62,65,94,0,1
61,71,32,0,0
52,60,62,0,0
96,103,43,1,0
31,39,112,0,0
36,31,33,0,0
55,63,64,0,0
64,68,86,1,0
70,72,101,0,0
43,42,36,1,0
54,52,56,0,1
42,39,34,0,0
56,63,87,0,1
51,58,60,0,0
63,72,110,0,1
67,72,65,0,0
55,58,92,0,1
48,56,76,0,0
55,65,48,0,0
51,58,47,0,0
67,72,46,0,0
61,70,81,0,1
57,62,90,0,0
46,50,46,0,0
84,89,44,0,1
43,45,76,0,0
48,52,64,0,0
80,109,46,1,0
74,76,70,0,1
83,86,76,0,1
74,60,72,0,1
46,37,21,0,0
72,81,44,1,0
95,109,68,0,1
77,87,17,1,0
39,49,80,0,0
102,108,58,1,0
88,94,49,0,1
58,63,65,0,1
74,82,72,1,0
77,83,54,1,0
51,50,51,0,1
56,62,92,0,0
82,79,77,0,1
36,36,50,0,0
59,66,73,0,0
69,70,76,0,0
59,66,98,0,1
46,54,100,0,1
82,90,82,1,0
60,69,51,1,0
102,106,90,0,1
51,55,71,0,0
83,86,49,0,1
57,60,66,0,0
69,75,26,0,0
75,73,84,0,1
68,73,40,0,0
51,53,113,0,1
53,55,111,0,0
41,50,74,0,0
51,64,88,0,1
69,70,78,0,0
74,72,88,0,1
72,75,77,1,0
55,68,19,0,0
36,43,90,0,0
46,49,90,0,0
52,49,36,0,0
60,45,26,0,0
86,96,76,0,1
47,52,50,0,0
63,70,92,0,0
61,69,46,0,0
66,73,46,0,0
67,74,42,0,0
47,52,101,0,0
40,44,92,0,0
88,97,94,1,0
36,46,87,0,0
54,55,105,0,1
47,55,102,0,1
53,67,28,0,0
62,64,56,0,0
68,73,55,0,1
43,50,92,0,1
50,57,62,0,0
53,55,65,0,0
63,63,74,0,0
66,67,96,1,0
67,72,58,0,0
46,53,110,0,0
75,81,98,1,0
94,102,98,0,1
58,62,78,0,0
46,35,14,0,0
66,71,64,1,0
68,71,90,1,0
46,68,84,0,1
45,55,52,0,0
68,74,66,1,0
92,94,83,1,0
61,68,91,1,0
95,100,82,1,0
86,86,59,0,1
55,59,94,0,0
60,70,63,1,0
49,51,70,0,0
60,69,82,0,0
53,49,26,0,0
61,73,52,1,0
70,71,79,0,1
42,44,41,0,0
62,74,51,0,0
63,71,16,1,0
68,73,62,1,0
47,54,38,0,0
54,80,79,0,0
85,85,110,1,0
48,52,74,1,0
70,60,78,0,1
52,58,73,0,0
69,71,76,0,1
89,96,101,1,0
94,100,105,1,0
69,63,28,0,0
80,85,54,1,0
55,56,107,1,0
49,54,94,0,0
74,97,92,1,0
54,53,106,0,1
58,72,102,0,1
52,62,49,0,0
76,80,66,1,0
102,110,33,0,1
40,42,96,0,0
59,62,76,0,0
73,107,14,0,0
70,78,77,0,0
60,59,38,0,0
84,90,76,1,0
69,72,15,0,0
52,60,92,1,0
60,59,42,0,0
70,74,99,0,0
61,65,86,1,0
53,61,78,0,0
61,61,89,0,0
56,67,71,0,1
66,64,56,0,1
76,79,64,1,0
35,26,20,0,0
39,45,43,0,1
55,58,20,0,0
58,62,97,0,1
55,65,33,0,0
69,74,68,1,0
60,63,86,0,1
73,81,101,0,1
52,56,70,0,0
67,75,51,0,1
53,59,30,0,0
88,95,89,1,0
61,80,58,1,0
30,43,109,0,1
54,57,93,0,0
55,65,38,0,0
58,79,60,1,0
56,64,46,1,0
52,62,42,0,0
38,44,39,0,1
54,59,100,0,0
57,61,87,0,0
37,50,60,0,0
55,61,24,0,0
52,61,82,0,0
77,83,82,1,0
66,65,76,0,1
91,107,100,1,0
47,51,68,0,0
61,54,35,0,0
61,64,56,0,0
47,55,92,0,0
51,49,59,0,0
87,92,100,0,1
46,52,56,0,0
60,67,56,0,0
89,101,78,0,1
60,63,71,0,1
64,66,83,0,1
93,95,58,0,1
69,75,56,0,0
61,72,61,0,0
62,46,24,0,0
54,57,27,0,0
93,100,49,0,1
57,64,76,0,0
72,84,46,1,0
82,87,82,0,1
60,42,14,0,0
75,88,84,1,0
49,50,100,0,0
60,66,80,0,0
60,62,32,1,0
44,48,93,0,0
58,67,48,1,0
70,79,72,0,0
71,78,90,1,0
96,105,46,0,1
45,54,80,0,0
70,76,72,0,1
45,49,85,0,0
66,74,23,1,0
80,88,63,1,0
58,65,56,0,0
54,59,88,0,0
51,49,44,0,0
60,71,79,1,0
69,74,39,0,0
53,63,70,0,0
62,66,66,1,0
94,111,70,1,0
56,63,102,0,1
47,49,85,0,0
45,58,80,0,0
58,67,114,0,0
47,50,46,1,0
49,55,90,0,0
46,54,111,0,0
64,67,61,0,1
66,68,53,1,0
69,74,88,0,1
60,63,84,0,0
61,64,49,0,0
47,54,107,0,0
78,74,82,0,1
55,64,98,1,0
75,83,50,1,0
61,70,84,0,0
42,40,31,0,0
52,56,20,0,0
69,72,63,1,0
47,55,72,0,0
70,75,98,0,1
57,65,58,0,0
53,56,65,0,0
83,91,85,0,1
61,66,87,0,0
69,66,31,0,1
48,56,78,0,0
80,90,94,1,0
69,82,46,0,0
71,78,96,0,0
53,56,70,0,0
95,91,85,0,1
60,65,92,0,0
51,55,67,0,0
71,75,72,1,0
62,57,64,0,0
79,87,88,1,0
72,67,80,0,1
44,48,45,0,1
55,58,76,0,0
53,61,75,0,0
49,53,93,1,0
52,47,38,0,0
69,79,39,0,0
48,53,59,0,0
47,53,95,0,0
74,89,102,1,0
69,75,64,1,0
66,66,39,0,0
68,69,75,0,0
66,68,45,1,0
63,66,113,0,0
71,76,90,0,1
52,49,50,0,0
75,97,92,0,1
44,48,52,0,0
54,58,16,0,0
60,60,53,1,0
66,73,111,0,1
49,52,32,0,1
51,59,90,0,0
62,43,17,0,0
43,54,98,0,0
60,68,64,0,1
54,61,76,0,0
61,67,114,0,0
82,80,58,0,1
76,90,98,1,0
61,63,91,1,0
52,56,103,0,0
63,64,97,0,0
63,69,94,1,0
61,64,58,0,0
63,72,83,0,1
82,95,87,1,0
71,79,92,1,0
98,108,53,1,0
77,82,54,1,0
39,48,86,0,0
71,66,90,0,1
79,82,76,1,0
45,45,106,0,0
53,59,75,0,0
60,71,48,0,0
48,53,78,0,0
54,60,53,0,0
63,71,96,0,0
69,81,90,0,1
51,41,14,0,0
51,48,44,0,0
54,58,91,0,0
44,47,84,0,0
53,61,69,0,0
80,100,87,1,0
51,57,38,0,0
55,56,58,0,0
106,113,48,0,1
53,54,60,0,1
52,48,26,0,0
87,94,30,1,0
45,48,99,0,0
53,57,31,0,0
70,70,97,0,0
64,68,24,0,0
60,74,50,0,0
45,49,112,0,1
60,65,108,0,0
43,43,37,0,0
51,56,58,0,0
99,110,54,1,0
40,52,64,1,0
53,77,65,1,0
92,93,86,1,0
71,73,96,0,0
51,49,47,0,0
68,75,25,0,0
42,50,66,1,0
66,64,68,1,0
73,81,74,1,0
38,46,101,0,0
61,69,92,0,0
41,44,39,0,1
67,70,14,0,0
90,97,104,1,0
56,56,16,0,0
101,115,66,1,0
63,42,12,0,0
56,63,82,0,1
53,59,112,1,0
57,64,45,1,0
77,82,90,0,1
76,83,102,1,0
55,57,63,0,0
69,71,18,0,0
52,62,58,0,0
44,49,95,0,1
67,73,50,0,0
64,63,59,0,1
53,61,64,0,0
48,50,44,0,0
42,47,105,0,1
102,112,46,0,1
46,51,52,0,0
76,79,62,0,1
58,65,58,0,0
69,65,34,0,0
59,65,64,0,0
70,74,95,0,0
71,78,94,0,0
64,47,24,0,0
61,68,92,0,1
45,54,113,0,0
47,51,85,0,0
52,50,64,0,0
59,70,52,0,0
61,69,63,0,1
47,52,11,0,0
49,51,97,1,0
44,41,35,0,1
55,62,71,1,0
90,98,76,1,0
73,69,84,1,0
48,51,72,0,0
53,66,34,0,0
57,64,89,0,1
80,81,54,0,1
69,77,38,1,0
51,57,84,0,0
53,57,64,0,0
72,80,72,1,0
52,54,58,0,0
43,52,105,0,0
53,63,66,0,0
37,43,106,0,1
53,50,44,0,0
54,63,82,0,0
60,68,68,0,0
47,56,61,0,0
71,79,87,0,0
66,65,52,0,1
45,40,40,1,0
68,76,74,1,0
72,81,39,0,1
93,99,110,1,0
44,52,72,0,0
49,55,73,0,0
46,49,113,0,0
59,68,116,0,0
64,77,43,0,0
61,63,34,1,0
59,68,67,0,1
61,61,53,0,0
58,64,98,0,1
66,71,83,0,0
69,74,26,1,0
52,62,78,0,0
66,75,49,0,0
56,59,26,1,0
61,61,82,0,1
77,83,60,1,0
79,86,106,1,0
58,52,46,0,1
46,52,102,0,0
61,68,69,0,0
53,57,34,0,0
74,79,65,0,1
75,82,72,1,0
65,70,18,0,0
57,62,66,0,0
41,50,63,0,0
55,58,90,0,0
56,67,40,0,0
50,45,49,1,0
72,72,97,0,0
67,76,40,0,0
56,63,89,1,0
58,77,51,1,0
95,104,72,0,1
45,34,14,0,0
76,81,90,0,1
48,53,68,0,0
59,64,75,0,0
44,51,26,1,0
51,59,42,0,0
79,91,80,1,0
67,79,48,0,0
102,112,84,1,0
78,82,60,0,1
73,65,56,0,1
74,84,67,1,0
59,62,31,1,0
60,68,60,1,0
57,64,92,0,1
41,51,60,0,0
55,82,67,0,0
69,77,46,0,1
65,71,86,0,0
47,50,58,0,0
68,68,92,1,0
92,98,70,0,1
69,75,17,0,0
61,67,64,0,0
54,67,38,1,0
70,75,108,0,1
87,97,37,0,1
51,56,58,1,0
73,79,83,0,0
75,73,60,0,1
48,55,70,1,0
79,78,66,0,1
48,54,94,0,0
59,70,34,0,0
59,68,45,0,0
70,84,83,1,0
60,69,72,0,0
40,48,77,0,0
41,41,30,0,0
55,59,104,0,0
46,47,40,0,0
61,68,93,0,1
48,50,45,0,0
70,73,94,0,0
90,94,34,1,0
53,57,64,0,0
66,78,65,0,0
35,40,64,0,0
47,52,44,0,0
53,59,98,0,0
75,88,89,0,1
60,63,53,0,0
65,74,67,1,0
69,72,82,1,0
61,55,64,0,0
53,57,103,0,0
68,79,38,0,0
46,55,54,0,0
60,61,78,0,0
68,72,78,0,1
70,82,96,0,1
69,71,62,0,0
83,86,114,0,1
40,56,52,1,0
70,82,62,1,0
89,93,71,0,1
90,98,44,0,1
53,45,26,0,0
67,80,86,0,1
67,67,82,0,1
70,63,54,0,1
47,49,46,1,0
53,58,17,0,0
71,78,90,0,0
56,64,40,0,0
51,52,114,0,1
56,57,27,0,0
88,95,103,1,0
59,65,71,0,0
67,76,18,0,0
114,114,80,1,0
88,91,69,0,1
55,58,30,0,0
78,93,92,1,0
54,57,16,0,0
64,43,11,0,0
62,65,60,0,0
61,68,48,0,0
75,81,98,0,1
41,51,66,1,0
67,73,50,0,0
81,93,98,0,1
74,70,87,0,1
49,51,68,0,0
67,77,46,0,0
50,57,61,0,0
55,78,93,0,1
68,77,49,0,0
62,79,78,0,1
75,78,64,0,1
95,101,80,0,1
80,92,42,1,0
86,93,62,1,0
51,53,58,0,0
51,43,25,0,0
53,61,68,0,0
76,83,34,0,1
43,36,19,0,0
93,105,47,0,1
55,57,109,1,0
57,54,120,0,1
55,58,67,0,0
46,51,62,0,0
73,97,51,0,0
65,71,62,1,0
62,62,69,0,0
59,59,100,0,1
75,88,63,0,1
85,84,61,0,1
53,53,36,0,0
54,60,56,0,0
89,95,54,0,1
66,73,49,0,0
47,53,97,0,0
89,108,76,1,0
68,78,34,0,0
47,56,39,0,0
63,80,80,0,1
41,48,24,0,0
78,81,83,1,0
51,73,35,1,0
77,81,67,1,0
55,67,74,0,1
86,89,91,1,0
63,68,71,1,0
65,70,90,1,0
89,94,89,1,0
70,86,48,1,0
40,46,104,0,1
96,100,98,0,1
83,94,100,1,0
60,64,87,0,0
69,75,90,0,0
47,55,103,0,0
70,66,48,0,0
66,64,94,0,1
63,61,90,0,0
40,46,107,0,1
61,67,88,0,0
55,59,23,0,0
82,86,46,0,1
58,67,44,1,0
67,69,52,0,1
37,50,57,0,0
49,60,86,0,1
41,48,103,0,0
80,84,53,0,1
60,64,49,0,0
53,80,65,0,0
54,63,40,0,0
45,52,102,0,1
57,59,87,0,1
78,76,81,0,1
64,64,83,0,1
55,57,20,0,0
83,96,68,0,1
45,51,69,1,0
45,55,107,0,1
59,63,98,0,0
39,44,41,0,1
63,50,40,0,1
61,67,84,0,0
61,71,69,0,0
55,60,92,0,1
56,64,88,0,1
48,54,80,0,0
56,56,104,0,1
64,64,91,1,0
46,51,64,0,0
73,78,46,0,1
44,49,81,0,0
44,51,80,0,0
62,62,52,0,0
51,58,92,0,0
53,49,34,0,0
69,75,49,0,1
78,89,46,1,0
62,69,68,0,1
86,90,72,0,1
77,61,68,0,1
61,66,82,0,0
52,59,34,0,0
44,55,59,1,0
52,59,42,0,0
62,41,16,0,0
41,47,43,0,1
60,68,100,0,0
56,57,56,1,0
47,55,112,0,0
91,97,86,0,1
45,41,24,0,0
66,75,40,0,0
73,90,52,0,0
44,51,48,1,0
40,44,88,0,0
42,38,27,0,0
48,51,55,0,0
111,112,103,1,0
51,53,41,0,0
43,54,68,0,0
52,62,90,0,1
46,55,111,0,0
98,111,79,1,0
54,55,13,0,0
65,49,40,0,0
73,86,92,1,0
66,71,74,1,0
63,68,88,0,1
69,73,58,1,0
38,49,74,0,0
51,60,96,0,1
48,50,57,0,0
51,46,51,1,0
89,102,70,1,0
71,85,78,1,0
47,52,47,0,0
37,45,106,0,0
61,68,100,0,0
78,90,90,1,0
41,49,90,0,1
61,67,99,0,0
69,70,88,1,0
74,89,99,1,0
84,97,89,0,1
69,78,87,1,0
57,66,70,0,1
80,84,94,0,1
60,63,62,0,1
42,45,76,0,0
55,63,38,0,0
96,102,110,1,0
90,88,58,0,1
42,35,17,0,0
84,95,66,1,0
75,78,68,0,1
51,57,66,0,0
81,84,56,1,0
97,99,96,1,0
61,67,92,1,0
75,85,97,0,1
87,94,64,1,0
53,46,18,0,0
74,75,78,0,1
61,83,46,1,0
59,63,58,0,0
86,96,70,1,0
82,89,76,1,0
50,58,42,0,0
47,61,38,0,0
61,65,82,0,0
66,59,81,0,1
105,106,99,1,0
43,51,90,0,1
71,82,68,0,0
53,49,22,0,0
62,66,62,0,1
61,80,59,1,0
52,45,28,0,0
44,54,114,0,0
52,58,60,0,0
53,63,28,0,0
70,66,57,0,0
62,65,41,1,0
84,91,76,1,0
46,55,74,0,0
47,51,44,1,0
69,74,20,0,0
81,86,114,0,1
101,115,88,1,0
66,73,26,0,0
65,45,26,0,0
58,59,86,1,0
58,67,45,0,0
84,110,56,1,0
56,61,27,0,0
61,77,64,0,0
63,61,69,0,0
88,98,94,1,0
42,34,22,0,0
97,112,81,1,0
54,59,18,0,0
83,85,82,1,0
45,53,113,0,0
69,65,48,0,0
92,105,39,1,0
42,49,79,0,0
50,55,58,0,0
81,87,108,1,0
93,101,100,0,1
41,48,105,0,0
55,58,72,0,0
57,65,90,1,0
66,68,98,1,0
69,72,68,1,0
73,85,45,1,0
71,86,56,1,0
67,71,85,0,1
60,69,78,0,1
79,79,71,1,0
68,74,89,0,1
52,55,82,0,0
60,71,86,0,0
52,58,24,0,0
61,62,76,0,0
49,50,74,0,0
84,93,114,1,0
56,61,90,0,0
57,50,46,0,1
55,60,19,0,0
107,111,88,1,0
48,55,15,0,0
62,63,71,0,0
45,53,97,0,0
48,55,89,0,0
52,58,104,0,0
56,70,15,1,0
46,58,82,1,0
49,57,64,0,0
69,69,66,0,0
102,111,108,0,1
48,55,75,0,0
52,57,94,0,0
66,76,57,0,0
92,105,65,1,0
69,71,70,0,0
61,65,82,0,0
48,53,47,0,0
69,72,92,1,0
80,87,92,0,1
55,60,111,0,0
48,56,58,0,0
51,40,15,0,0
52,56,75,0,0
39,50,40,0,0
53,58,42,0,0
77,91,60,0,1
83,84,80,0,1
54,55,20,0,0
54,60,35,0,0
61,66,108,1,0
96,106,43,0,1
64,65,82,0,1
76,86,60,0,1
56,62,92,0,0
61,72,57,0,0
70,78,78,1,0
67,69,82,0,0
50,52,54,0,0
51,58,72,0,0
80,86,82,0,1
89,93,71,0,1
85,91,86,1,0
76,85,31,0,1
93,99,80,0,1
74,98,94,0,1
47,48,40,0,0
52,55,62,0,0
67,76,30,0,0
101,110,81,1,0
55,62,59,0,0
60,64,80,0,0
40,51,44,0,0
46,54,79,0,0
46,53,68,0,0
66,67,97,1,0
82,85,50,0,1
63,67,88,0,0
100,108,62,0,1
39,49,22,0,0
62,45,20,0,0
49,50,62,0,0
52,45,36,0,0
85,94,50,0,1
68,74,88,0,1
86,81,62,0,1
53,59,80,0,0
44,48,88,0,0
59,66,109,1,0
47,52,88,1,0
42,47,100,0,0
54,60,22,1,0
87,87,94,1,0
46,44,30,0,0
68,61,20,0,0
35,43,96,0,0
65,80,84,0,1
48,43,43,1,0
53,61,93,0,1
39,45,18,0,0
68,74,53,0,1
71,79,80,0,0
60,65,112,0,0
76,100,89,1,0
69,75,28,0,0
43,51,48,0,1
92,98,60,0,1
60,53,34,0,0
68,70,69,0,0
61,70,45,0,0
81,93,74,0,1
64,64,73,0,1
59,60,66,0,0
45,50,84,0,0
52,57,75,0,0
80,82,55,0,1
56,77,96,0,1
58,65,53,0,0
45,56,44,0,0
55,64,54,0,0
68,72,82,0,0
51,54,50,0,0
68,69,89,0,0
95,112,78,1,0
47,50,58,0,0
40,49,76,0,0
60,66,87,0,0
52,58,45,0,1
46,56,115,0,0
74,80,50,0,1
58,69,32,0,1
85,92,78,0,1
51,53,100,1,0
55,58,63,0,1
108,112,42,0,1
59,65,65,0,0
90,97,86,0,1
101,104,88,0,1
57,72,99,0,1
69,73,34,0,0
61,71,59,0,0
35,51,59,0,0
46,53,83,0,0
38,48,71,0,0
69,83,71,0,1
38,45,46,0,1
51,61,68,0,0
52,58,72,0,0
74,67,84,1,0
52,61,96,1,0
114,112,72,0,1
104,108,93,1,0
68,80,58,1,0
60,64,78,0,0
56,63,95,0,1
52,57,27,0,0
90,94,51,0,1
54,64,92,0,1
112,113,98,1,0
41,50,110,0,0
44,53,85,0,0
60,68,52,1,0
95,98,105,1,0
62,69,62,0,1
80,84,84,0,1
65,57,83,0,1
73,81,81,0,0
56,58,88,0,1
62,58,86,0,1
44,73,74,1,0
84,89,114,1,0
61,61,100,0,1
47,56,113,0,0
84,90,78,0,1
87,91,84,1,0
64,60,78,0,0
86,93,67,0,1
110,114,103,1,0
96,111,106,1,0
90,92,82,1,0
47,52,69,0,0
38,41,106,0,0
45,52,79,1,0
55,57,68,0,0
82,84,80,1,0
52,62,84,0,1
80,93,61,1,0
49,65,13,0,0
52,59,78,0,0
100,110,53,1,0
82,94,94,0,1
51,54,77,0,0
81,64,65,0,1
73,77,80,1,0
43,44,111,0,1
49,57,96,0,0
63,69,92,0,1
55,61,87,0,1
57,79,58,1,0
64,70,59,0,1
64,70,22,0,0
51,57,62,1,0
60,65,24,1,0
44,52,107,0,0
66,70,86,0,1
72,83,70,1,0
45,50,47,0,1
49,52,94,0,0
71,81,54,1,0
62,68,83,1,0
77,84,70,1,0
61,62,47,0,0
49,59,46,0,0
96,100,98,0,1
45,54,100,0,0
75,86,19,1,0
57,72,18,1,0
90,86,74,0,1
63,65,60,0,1
57,68,62,0,1
84,94,60,1,0
62,70,35,0,1
82,91,52,1,0
53,47,27,0,0
64,66,85,0,1
47,49,101,0,0
52,56,24,0,0
66,67,73,0,1
58,61,91,0,0
68,81,54,0,0
67,70,77,0,0
67,78,62,0,0
66,64,56,0,1
55,59,20,0,0
97,101,57,0,1
86,89,70,1,0
50,57,98,0,1
61,68,65,0,1
49,42,45,1,0
51,55,98,0,1
88,93,88,1,0
71,80,62,1,0
47,50,67,0,0
84,94,112,1,0
64,68,88,0,1
81,77,80,0,1
53,58,102,0,0
69,66,46,0,0
67,84,48,0,0
64,69,28,0,0
62,57,40,0,0
72,81,110,0,0
89,92,86,1,0
69,71,24,0,0
51,60,84,0,0
60,68,33,0,1
34,32,22,0,0
44,49,110,0,0
77,84,76,1,0
64,75,92,0,1
53,57,78,0,0
61,47,30,0,0
48,62,32,0,0
54,81,72,0,0
71,77,70,0,1
52,48,45,0,0
52,62,50,0,0
47,44,35,0,0
72,62,56,0,1
110,110,97,1,0
100,109,62,0,1
35,28,23,0,0
64,73,56,0,1
56,64,74,1,0
53,60,42,0,0
54,57,51,1,0
80,84,54,0,1
77,62,68,0,1
53,48,36,0,0
47,55,50,0,0
73,74,73,0,1
62,74,68,1,0
46,56,49,0,0
41,51,66,0,0
53,52,59,0,0
70,86,86,1,0
96,110,107,1,0
70,82,60,1,0
51,56,68,0,0
49,56,64,0,0
66,75,68,1,0
76,90,56,0,1
66,71,78,0,1
59,67,54,0,0
49,53,82,0,0
43,49,77,0,0
53,62,66,0,0
56,66,42,0,0
53,63,48,0,0
94,93,94,1,0
64,70,85,0,1
56,53,59,0,1
68,74,48,0,0
93,96,98,1,0
57,65,65,0,1
84,88,108,0,1
48,58,92,0,0
67,74,94,0,0
48,49,48,0,1
52,55,96,0,1
71,73,97,0,0
52,55,44,0,0
41,44,15,0,0
92,106,37,1,0
69,71,88,0,0
53,61,99,1,0
81,101,86,1,0
82,90,58,1,0
60,72,42,0,0
87,92,79,1,0
54,57,102,0,0
90,93,33,0,1
61,67,95,0,0
68,75,50,0,1
48,56,41,1,0
102,112,34,0,1
58,67,96,0,1
55,80,76,0,0
53,53,16,0,0
57,65,72,0,0
87,92,78,0,1
63,66,60,0,1
85,86,87,1,0
43,45,38,0,0
72,77,42,0,1
53,53,77,1,0
34,31,28,0,0
62,65,69,1,0
55,73,92,0,1
35,26,16,0,0
53,58,76,1,0
91,95,83,0,1
69,74,76,0,1
79,94,97,0,1
38,45,110,0,1
79,111,42,1,0
38,44,112,0,1
57,50,50,0,1
41,34,18,0,0
53,56,52,1,0
59,64,96,0,0
59,68,62,0,0
53,58,18,0,0
72,85,64,1,0
96,101,55,0,1
75,85,100,0,1
72,75,90,0,0
54,83,60,1,0
80,80,60,0,1
77,90,48,1,0
35,34,37,0,0
53,50,47,0,0
54,60,114,0,0
44,49,46,1,0
71,73,78,0,1
52,61,51,0,0
62,79,66,0,0
78,81,58,0,1
48,56,41,0,0
40,46,14,0,0
64,68,101,1,0
46,40,23,0,0
63,70,78,1,0
69,66,53,0,0
49,59,114,1,0
112,113,82,1,0
63,62,59,0,1
41,36,20,0,0
58,63,58,1,0
40,49,66,0,0
71,77,42,0,1
57,65,62,0,0
74,78,83,1,0
81,94,51,0,1
61,51,47,0,0
46,54,103,0,0
84,96,31,0,1
84,83,64,0,1
115,113,70,0,1
98,92,90,0,1
56,63,75,0,0
45,52,106,0,0
50,52,47,1,0
107,113,50,0,1
52,53,93,1,0
82,84,52,0,1
55,60,80,1,0
54,58,60,0,1
46,54,106,0,0
65,70,78,1,0
55,68,20,0,0
62,79,56,1,0
75,75,79,0,1
57,75,99,0,1
82,92,110,1,0
67,76,112,0,1
74,83,66,1,0
47,44,33,0,0
54,59,28,0,0
88,94,91,1,0
54,57,25,0,0
56,55,92,0,1
106,113,87,1,0
62,69,73,0,0
68,66,76,0,1
63,71,86,0,1
63,71,118,0,0
54,63,30,0,0
89,97,40,0,1
57,66,54,0,0
55,61,22,0,0
54,58,92,0,1
52,58,113,1,0
47,52,62,0,0
56,63,68,0,0
59,68,111,0,0
43,49,56,0,0
62,68,70,0,1
61,70,80,0,0
45,48,88,0,0
74,88,92,1,0
62,70,96,0,0
95,95,52,0,1
55,56,42,1,0
39,52,52,0,0
47,53,105,0,0
52,60,48,0,0
65,77,30,1,0
48,73,71,1,0
70,76,71,1,0
104,105,91,0,1
101,112,31,0,1
46,48,77,0,0
62,69,71,0,0
92,99,80,0,1
93,98,94,1,0
71,84,72,0,0
49,65,20,0,0
46,50,76,1,0
59,70,42,0,0
44,50,46,1,0
55,73,94,0,1
88,93,85,1,0
71,75,79,1,0
85,95,90,1,0
40,52,51,0,0
47,51,42,1,0
53,50,34,0,0
74,83,34,0,1
48,58,84,1,0
101,109,56,1,0
78,76,84,0,1
55,64,27,0,0
48,51,72,0,0
48,53,78,0,0
59,65,92,0,0
36,45,96,0,0
73,74,80,0,1
35,43,100,0,0
61,64,62,0,0
47,51,103,0,0
68,71,78,0,0
51,74,67,1,0
67,77,76,1,0
48,62,19,0,0
50,50,60,0,0
96,99,82,1,0
62,69,70,0,0
47,55,47,0,0
49,70,28,0,0
49,49,26,0,1
64,65,44,0,0
81,87,78,1,0
75,86,98,1,0
61,69,40,0,0
53,43,19,0,0
48,52,91,0,0
57,63,30,1,0
53,58,52,1,0
61,66,86,0,0
75,73,73,0,1
59,66,38,1,0
109,110,46,0,1
47,54,106,0,0
76,72,65,1,0
46,50,84,0,1
61,68,110,0,0
60,67,62,0,0
68,71,78,1,0
100,108,62,0,1
51,51,48,0,0
89,94,51,0,1
57,65,88,0,1
78,82,51,0,1
65,71,80,0,1
77,90,82,0,1
84,97,68,0,1
64,67,104,0,0
52,60,79,0,0
42,50,64,1,0
44,52,94,0,0
54,60,69,0,0
61,68,113,0,0
60,66,44,1,0
46,50,67,1,0
88,83,72,0,1
50,51,110,0,1
65,79,46,0,0
77,82,90,1,0
60,71,85,0,0
87,94,110,1,0
62,65,86,1,0
51,54,30,0,0
36,47,63,0,0
100,107,109,1,0
37,47,46,0,1
39,47,80,0,0
87,93,95,1,0
55,62,35,0,0
35,39,56,0,0
92,98,72,1,0
66,72,81,0,1
108,110,100,1,0
36,41,66,0,0
53,48,35,0,0
83,102,49,1,0
79,80,88,1,0
79,81,68,1,0
52,61,72,0,1
68,72,46,0,0
113,121,113,1,0
47,53,44,0,0
49,52,81,0,0
56,65,50,0,0
93,102,77,0,1
84,92,80,1,0
45,50,110,0,0
41,71,79,0,1
65,76,69,1,0
50,54,48,1,0
41,39,29,0,0
68,65,40,0,0
56,60,48,1,0
87,97,63,0,1
72,69,86,1,0
52,50,34,0,0
49,57,67,1,0
90,100,76,0,1
58,56,88,0,1
46,54,97,1,0
56,62,20,0,0
62,63,87,0,1
61,67,89,0,0
84,97,74,0,1
81,90,75,1,0
55,57,44,0,0
52,60,60,0,0
65,49,36,0,0
85,101,52,1,0
55,61,27,1,0
94,109,72,1,0
68,75,31,0,0
47,51,43,0,0
43,49,98,0,0
70,68,60,0,0
49,69,24,0,0
55,53,122,0,1
53,58,94,0,0
59,64,86,0,1
53,63,84,0,0
48,50,102,0,0
49,60,33,0,0
61,70,66,0,0
67,67,46,1,0
50,54,74,1,0
35,38,32,0,0
98,112,67,1,0
40,53,60,0,0
35,39,59,0,0
40,46,14,0,1
52,59,41,0,0
98,91,87,0,1
94,95,32,1,0
81,90,80,1,0
49,64,12,0,0
65,69,91,1,0
73,90,80,0,0
53,59,37,0,0
48,51,56,0,0
46,47,116,0,1
54,62,98,1,0
68,74,114,0,0
69,72,19,0,0
67,84,70,1,0
77,81,34,0,1
44,50,60,0,0
53,43,26,0,0
63,69,90,0,0
109,115,108,1,0
54,59,45,0,0
55,65,52,0,0
36,41,110,0,1
40,49,71,0,0
98,103,85,0,1
82,95,48,0,1
70,76,92,0,0
71,77,58,1,0
64,68,38,0,0
59,62,63,1,0
54,55,29,0,0
68,67,91,0,1
46,50,109,0,0
62,79,63,0,0
75,86,57,0,1
48,53,88,0,0
90,98,98,1,0
55,64,43,0,0
52,58,106,0,0
44,50,75,1,0
85,91,73,1,0
61,70,73,0,0
46,52,111,0,0
52,60,55,0,0
71,70,41,0,1
49,66,14,0,0
98,107,66,0,1
50,58,63,0,0
51,61,87,0,0
51,53,100,0,1
79,85,113,0,1
48,53,39,0,0
91,110,74,1,0
48,53,103,0,1
48,51,30,0,1
56,62,96,0,1
80,91,57,1,0
52,55,30,0,0
53,69,23,0,0
92,102,50,0,1
60,67,97,0,0
85,92,68,0,1
103,109,112,1,0
73,90,73,0,0
56,65,77,0,1
92,97,44,0,1
43,49,67,0,0
63,61,75,0,0
63,67,87,0,0
66,74,41,0,0
79,82,85,1,0
67,75,37,0,0
44,53,82,0,0
54,58,107,0,0
46,54,41,0,0
51,54,31,0,0
63,72,92,1,0
64,80,64,1,0
78,79,64,0,1
71,73,60,1,0
51,56,46,1,0
36,28,16,0,0
85,78,70,0,1
80,82,52,0,1
88,108,74,1,0
75,73,45,0,1
44,51,106,0,0
46,54,106,0,0
73,106,22,0,0
68,75,28,0,0
52,57,32,0,0
39,48,73,0,0
66,78,57,1,0
52,56,84,0,0
67,68,76,1,0
92,107,104,1,0
58,65,50,1,0
89,94,87,1,0
52,59,36,0,0
47,51,88,0,0
53,64,92,0,1
37,46,102,0,0
53,57,22,0,0
72,86,55,1,0
103,113,89,1,0
56,60,111,0,0
81,87,50,0,1
56,59,90,0,1
97,110,78,1,0
57,62,94,0,1
65,67,26,0,0
72,79,102,0,1
62,69,15,1,0
50,54,75,0,0
67,70,54,1,0
65,63,66,1,0
61,67,36,1,0
54,64,43,0,0
68,77,16,0,0
77,84,85,1,0
40,46,109,0,1
81,91,43,1,0
78,67,66,0,1
47,53,114,0,1
54,55,31,0,0
76,93,98,0,1
97,110,78,1,0
64,69,32,0,0
72,83,60,1,0
48,52,80,0,0
52,62,98,0,1
82,90,34,1,0
49,73,69,1,0
63,77,54,1,0
79,82,89,1,0
71,74,76,0,1
32,40,108,0,0
99,114,64,1,0
52,57,97,0,0
47,51,61,0,0
69,63,32,0,0
67,74,39,0,1
45,42,28,0,0
60,54,52,0,0
82,109,52,1,0
80,85,71,1,0
53,61,60,0,0
61,42,19,0,0
68,76,111,0,1
61,64,86,0,1
73,85,62,1,0
63,67,96,0,0
106,110,36,0,1
57,63,33,1,0
100,112,83,1,0
61,59,111,0,1
85,90,104,0,1
54,58,17,0,0
59,70,75,0,0
50,59,89,0,0
34,36,44,0,0
68,62,17,0,0
72,81,38,0,1
42,47,78,0,0
43,52,70,1,0
52,55,62,0,0
65,68,49,1,0
66,76,93,0,1
60,66,55,1,0
46,53,84,0,0
60,68,56,1,0
102,115,112,1,0
47,52,64,0,0
91,104,34,1,0
66,74,86,0,1
42,48,92,0,1
46,51,81,0,0
82,86,56,1,0
88,90,68,0,1
52,51,28,0,0
77,91,80,0,1
44,52,107,0,0
44,48,113,0,0
93,101,51,0,1
61,46,29,0,0
62,64,57,0,1
64,66,18,1,0
46,52,99,0,0
58,64,61,1,0
51,46,38,0,0
50,53,32,0,0
54,56,26,0,0
45,45,108,0,1
64,51,47,0,0
55,55,28,0,0
80,74,66,0,1
94,110,74,1,0
50,57,39,0,0
69,72,66,0,0
51,52,56,0,0
52,41,22,0,0
51,53,110,0,1
76,86,43,1,0
96,111,80,1,0
74,84,68,1,0
55,67,31,0,0
51,60,76,0,0
90,94,32,0,1
98,92,91,0,1
78,85,102,1,0
102,110,61,0,1
49,60,84,0,1
59,67,108,0,0
66,69,22,0,0
67,58,79,0,1
44,51,74,0,0
67,70,55,1,0
79,92,106,1,0
45,49,23,0,1
59,69,50,0,0
68,75,40,0,0
72,78,100,0,1
70,75,63,0,1
49,51,52,0,0
55,54,24,0,0
97,107,40,0,1
52,63,51,0,0
87,92,36,1,0
71,66,81,0,1
43,72,77,1,0
54,63,54,0,0
61,56,57,0,0
43,53,88,0,0
63,53,52,0,0
76,90,86,1,0
60,65,87,1,0
46,52,16,0,0
111,118,104,1,0
51,44,30,0,0
107,113,57,0,1
77,84,57,0,1
54,64,92,0,1
52,56,40,1,0
40,51,42,0,0
61,66,84,0,0
48,51,94,0,1
79,90,38,1,0
68,70,16,0,0
34,28,26,0,0
61,69,94,0,0
61,69,90,1,0
46,73,74,1,0
72,85,112,0,0
97,107,38,0,1
46,55,30,0,0
63,56,66,0,0
63,73,80,0,1
47,55,54,0,0
116,122,110,1,0
71,78,58,0,1
73,80,58,0,1
67,72,71,0,1
71,71,98,0,0
48,55,70,0,0
43,49,84,0,0
60,64,77,0,0
60,63,95,0,0
54,55,20,0,0
80,85,112,1,0
74,80,47,1,0
54,58,27,0,0
59,69,90,0,0
42,51,49,0,1
70,70,44,0,1
55,61,55,1,0
51,60,67,0,0
53,45,33,0,0
49,57,38,0,0
68,63,15,0,0
67,71,60,0,0
59,69,48,0,0
60,61,66,0,1
60,69,102,0,0
66,76,44,0,0
100,108,38,0,1
46,52,15,0,0
63,72,58,0,1
76,74,74,0,1
62,67,86,0,0
57,57,118,0,1
47,52,46,0,0
88,85,72,0,1
45,36,14,0,0
83,86,46,0,1
44,47,109,0,0
65,66,115,1,0
69,69,79,0,0
63,63,78,0,0
69,69,82,0,0
77,88,42,1,0
83,92,41,1,0
66,69,29,0,0
75,78,79,1,0
88,89,40,0,1
105,111,114,0,1
62,66,93,0,0
96,97,93,1,0
65,67,24,0,0
41,50,76,0,0
47,40,30,0,0
88,96,99,1,0
94,111,74,1,0
72,82,113,0,0
103,116,64,1,0
45,51,113,0,0
52,56,56,0,0
63,74,29,1,0
53,62,86,0,1
49,54,75,0,0
63,62,60,1,0
76,84,52,1,0
91,87,76,0,1
81,95,47,0,1
82,80,66,0,1
49,58,64,0,0
69,71,59,0,0
54,62,72,0,0
36,41,36,0,0
68,72,97,0,0
64,63,94,0,1
84,90,66,0,1
47,51,76,0,0
55,57,74,0,0
63,71,56,1,0
42,51,72,0,0
51,57,94,0,1
51,55,108,0,0
66,79,50,0,0
59,67,100,0,0
91,93,62,0,1
76,81,94,0,1
45,54,102,0,1
47,34,11,0,0
104,112,36,0,1
54,62,66,0,0
47,52,88,0,0
43,51,62,0,0
88,94,68,0,1
54,56,50,0,0
69,71,81,0,1
89,85,60,0,1
47,60,40,0,0
54,61,68,1,0
68,73,107,0,0
54,56,93,0,1
76,73,66,1,0
60,67,68,0,0
90,94,83,1,0
52,60,35,0,0
53,56,66,0,0
64,69,72,1,0
47,50,57,0,0
51,57,69,0,0
82,91,97,1,0
91,93,34,1,0
61,67,84,0,1
64,44,17,0,0
62,67,34,1,0
101,106,89,0,1
60,66,21,1,0
85,95,34,0,1
75,66,61,0,1
65,65,107,0,0
46,52,72,0,0
45,49,92,1,0
55,59,105,0,0
104,110,95,1,0
85,94,91,1,0
40,49,106,0,1
79,90,104,1,0
87,98,86,0,1
62,68,97,0,0
61,50,40,0,1
103,103,102,1,0
74,89,63,1,0
79,89,77,1,0
65,80,48,1,0
83,92,80,1,0
66,66,95,1,0
93,97,108,1,0
70,67,30,0,0
68,76,46,0,0
61,64,86,0,1
69,76,78,1,0
54,54,106,0,1
54,56,86,0,0
88,98,75,1,0
48,50,57,0,0
54,64,97,1,0
52,55,24,0,0
54,59,49,1,0
76,80,70,1,0
48,53,33,0,0
46,39,19,0,0
64,44,22,0,0
83,103,81,1,0
51,71,36,1,0
40,55,56,1,0
50,51,36,0,0
45,51,108,0,0
91,94,65,0,1
109,114,87,1,0
60,63,71,0,0
79,88,62,0,1
51,57,55,0,0
68,78,47,0,1
52,57,58,0,0
47,46,35,0,0
47,51,68,0,0
47,55,114,0,0
92,97,114,1,0
96,101,110,1,0
102,112,106,0,1
48,61,28,0,0
68,87,30,1,0
84,95,45,0,1
71,68,89,0,1
38,44,110,0,1
45,53,70,0,0
55,61,66,0,0
46,55,26,0,0
47,55,28,0,0
83,103,83,1,0
77,88,68,1,0
105,111,93,1,0
81,83,86,0,1
55,74,43,1,0
41,50,90,0,0
69,66,43,0,0
52,73,42,1,0
67,72,80,0,1
61,60,109,0,1
49,59,42,0,1
53,60,80,0,0
48,51,62,0,0
67,76,98,0,0
68,74,39,0,0
103,111,56,0,1
90,96,40,0,1
64,72,114,0,1
65,71,20,1,0
54,60,39,0,0
53,55,20,0,0
61,68,103,0,0
84,86,80,0,1
71,77,83,0,0
47,53,43,0,0
58,61,94,1,0
94,96,90,0,1
46,49,89,0,0
39,54,56,0,0
54,55,108,0,0
35,42,100,0,0
69,73,74,1,0
48,50,82,0,0
61,75,54,0,0
45,36,17,0,0
46,52,54,0,0
62,51,42,0,0
66,71,18,0,0
40,45,116,0,1
95,107,58,1,0
74,76,61,1,0
41,49,109,0,1
66,71,20,0,0
49,57,100,0,1
97,102,114,1,0
72,76,92,0,0
62,51,27,0,0
92,107,68,1,0
61,60,68,0,0
36,33,38,0,0
68,63,52,0,1
81,109,50,1,0
79,83,53,0,1
34,42,36,0,1
48,53,87,0,0
64,70,88,0,1
52,44,23,0,0
37,49,52,0,0
77,90,89,1,0
81,86,114,1,0
71,85,65,1,0
77,84,30,0,1
53,49,37,0,0
69,76,56,0,0
70,73,96,0,0
84,87,86,1,0
64,43,18,0,0
89,93,36,0,1
73,80,38,0,1
73,86,82,1,0
69,77,44,0,1
55,60,76,0,0
68,74,47,0,0
56,57,34,0,0
59,66,97,0,0
65,73,43,0,0
67,74,34,0,0
45,39,28,0,0
70,76,103,0,1
52,63,84,0,0
44,52,67,1,0
59,66,100,0,1
63,70,68,0,1
68,77,13,0,0
47,51,64,0,0
48,51,101,0,1
104,116,93,1,0
55,59,110,0,0
61,71,48,0,0
69,75,30,0,0
48,55,17,0,0
88,97,98,0,1
101,93,93,0,1
71,77,62,1,0
85,86,44,0,1
40,47,19,0,1
71,77,44,0,1
48,54,106,0,1
84,92,88,1,0
62,57,37,0,0
64,63,49,0,1
42,52,64,1,0
83,87,67,1,0
106,108,90,0,1
46,72,70,1,0
53,58,43,0,0
59,67,80,1,0
62,52,28,0,0
48,57,66,0,0
53,59,46,0,0
65,68,65,1,0
61,67,64,0,0
46,54,94,0,0
40,47,84,0,0
46,51,25,0,1
88,93,89,1,0
91,87,75,0,1
40,49,62,0,0
49,53,43,1,0
59,72,105,0,1
81,92,54,1,0
55,66,34,1,0
89,99,58,0,1
64,73,66,1,0
66,72,113,0,1
68,74,24,0,0
96,113,68,1,0
69,75,42,0,1
59,71,76,0,0
48,53,85,0,0
53,57,96,0,0
55,57,101,0,0
46,48,113,0,1
49,57,70,0,0
74,73,61,0,1
70,74,108,0,0
97,98,92,1,0
66,67,81,0,1
52,48,14,0,0
47,56,108,0,0
78,86,30,0,1
65,79,40,0,0
70,76,88,0,0
68,75,30,0,0
48,51,70,0,0
55,60,113,0,0
94,99,58,0,1
63,73,96,0,0
89,94,36,1,0
68,67,53,0,1
57,66,60,0,0
47,51,111,0,0
49,53,89,0,0
49,52,86,0,0
58,66,46,0,0
60,69,56,0,0
56,64,66,0,0
52,51,52,0,1
42,51,62,0,0
67,74,64,1,0
87,99,59,0,1
58,64,96,0,1
79,80,68,1,0
55,55,94,0,1
61,70,90,0,0
56,61,19,0,0
80,91,94,1,0
46,48,41,0,0
52,62,74,0,0
43,49,58,0,0
51,49,40,1,0
78,73,63,1,0
50,55,58,0,0
60,74,23,1,0
71,78,101,0,1
44,45,102,0,0
60,66,40,1,0
56,51,52,0,1
78,86,46,1,0
48,63,14,0,0
60,67,86,0,0
43,53,51,0,1
35,36,46,0,0
49,50,53,0,0
69,86,30,1,0
54,57,32,0,0
92,110,71,1,0
66,83,78,1,0
74,72,43,0,1
46,52,45,0,0
47,50,88,0,0
86,95,69,1,0
52,54,22,0,0
47,67,24,0,0
100,102,92,1,0
44,52,98,0,1
64,81,75,1,0
91,95,63,0,1
100,111,66,0,1
65,51,50,0,0
88,94,91,1,0
73,79,66,0,1
64,70,110,0,0
65,47,33,0,0
72,85,70,0,1
45,52,90,0,0
77,80,91,0,1
69,65,50,0,0
74,80,67,1,0
59,67,66,0,0
49,55,87,0,0
79,85,92,0,1
70,75,70,1,0
70,75,75,0,1
67,74,77,0,1
54,57,107,0,0
46,52,52,0,0
53,56,14,0,0
38,43,104,0,0
57,64,55,0,0
55,78,94,0,1
46,56,44,0,0
98,108,54,1,0
46,46,97,0,0
55,59,102,1,0
52,60,100,1,0
84,80,76,0,1
68,77,43,0,0
62,61,70,0,1
59,72,54,0,0
45,52,47,1,0
92,112,68,1,0
53,61,34,0,0
59,67,78,1,0
53,56,88,0,0
51,57,100,0,0
53,59,30,0,0
53,55,18,0,0
65,47,26,0,0
46,49,86,0,0
87,89,42,0,1
75,80,48,1,0
85,111,53,1,0
71,74,130,0,0
106,111,100,1,0
77,74,82,0,1
58,65,26,1,0
59,67,74,0,0
68,70,77,0,0
53,56,52,0,0
60,69,79,0,1
68,73,86,0,1
65,72,122,0,0
34,31,22,0,0
92,98,100,1,0
90,99,96,1,0
71,82,68,0,0
66,73,45,0,0
42,47,18,1,0
54,67,28,0,1
43,53,100,0,1
83,91,84,1,0
52,50,31,0,0
58,83,52,1,0
51,57,101,0,0
69,75,27,0,0
92,104,63,1,0
46,52,76,0,0
47,49,44,0,0
76,73,48,0,1
82,89,37,1,0
56,66,48,1,0
70,79,75,0,0
89,96,80,0,1
45,52,88,0,0
46,47,85,0,0
98,101,79,0,1
52,40,15,0,0
43,49,84,0,0
53,75,64,1,0
42,36,18,0,0
81,83,80,1,0
61,57,113,0,1
66,78,71,1,0
64,71,59,1,0
60,63,71,0,1
57,63,90,0,0
55,55,112,0,0
95,97,57,0,1
67,72,72,1,0
64,45,19,0,0
36,42,112,0,1
72,78,68,0,1
52,57,86,0,0
84,90,78,1,0
57,65,50,1,0
72,70,87,0,1
67,68,88,0,0
72,87,86,1,0
45,50,75,0,0
68,76,38,0,0
69,67,90,0,1
71,80,96,0,0
42,43,37,0,1
70,76,99,0,1
67,69,78,0,1
55,57,78,0,0
46,55,56,0,0
53,54,41,0,0
65,67,21,0,0
53,56,109,0,0
63,48,32,0,0
64,43,16,0,0
86,91,82,1,0
69,68,44,0,1
59,60,66,1,0
70,71,90,0,0
80,78,67,0,1
47,54,50,0,0
67,80,69,0,0
79,74,66,0,1
41,49,90,0,1
45,50,72,0,0
65,77,58,1,0
64,70,58,1,0
108,112,60,0,1
51,46,36,0,0
93,98,83,1,0
45,52,85,0,0
36,48,72,0,0
48,50,106,0,1
65,67,98,1,0
53,64,77,0,0
68,80,60,1,0
47,53,82,0,0
54,52,119,0,1
61,61,77,0,0
56,54,20,0,0
59,66,102,0,0
107,113,92,1,0
111,122,109,1,0
51,52,53,0,0
70,61,74,0,1
51,41,18,0,0
70,77,93,0,0
71,78,44,0,0
62,47,24,0,0
69,86,32,1,0
56,63,34,1,0
50,61,97,0,0
54,60,88,0,0
51,57,70,0,0
63,69,69,0,1
54,61,35,0,0
49,50,30,0,0
65,67,112,0,0
78,88,94,0,1
60,52,30,0,0
66,76,52,0,0
105,113,52,0,1
71,78,80,1,0
90,101,52,0,1
91,94,95,1,0
68,75,74,1,0
44,51,66,0,0
52,58,74,0,0
54,57,61,0,1
51,58,91,0,0
53,61,61,0,0
45,53,66,0,0
73,87,84,0,0
59,68,12,1,0
53,61,88,0,0
58,72,101,0,1
46,48,78,0,0
60,62,82,0,0
77,85,66,1,0
69,75,24,0,0
40,46,113,0,1
48,60,88,0,1
52,51,51,0,0
51,59,91,0,0
68,75,62,1,0
72,72,69,1,0
42,37,22,0,0
89,107,78,1,0
45,54,52,0,1
47,53,96,0,0
61,71,91,0,0
39,54,50,0,0
59,67,53,0,0
55,58,85,0,0
55,60,75,0,0
102,114,64,1,0
69,70,70,0,0
53,60,58,0,0
75,81,50,1,0
67,74,36,0,0
53,55,54,0,0
66,75,71,1,0
46,55,106,0,0
106,115,92,1,0
55,81,64,0,0
57,83,58,1,0
49,55,77,0,0
61,67,62,0,0
46,52,96,0,0
68,69,68,0,0
77,85,58,1,0
68,67,32,0,0
62,72,100,0,0
56,60,94,0,0
34,44,72,0,0
102,102,100,1,0
69,75,48,0,1
50,53,109,0,1
38,45,108,0,0
77,109,38,1,0
52,61,40,0,0
57,64,60,0,0
62,58,84,0,1
78,109,42,1,0
52,61,74,0,0
49,62,16,0,0
106,112,113,1,0
55,55,92,0,1
46,52,88,0,0
74,70,58,0,1
40,53,49,0,0
43,37,22,0,0
49,52,57,0,0
76,81,49,0,1
51,48,36,0,0
59,67,98,0,0
54,57,93,0,1
91,98,98,1,0
76,80,63,0,1
53,47,23,0,0
86,80,72,0,1
63,72,61,0,1
90,94,73,0,1
69,83,76,0,0
40,48,14,0,1
101,108,36,0,1
44,48,102,0,1
40,45,18,0,0
77,88,59,0,1
67,76,56,1,0
67,74,96,0,0
79,88,94,1,0
48,54,90,0,0
86,94,82,1,0
46,55,113,0,0
67,75,38,0,0
51,60,68,0,0
47,53,52,0,0
55,64,46,1,0
70,76,69,1,0
82,75,66,0,1
60,68,39,0,0
65,70,93,1,0
60,61,74,0,0
86,96,113,1,0
70,81,106,0,0
105,112,86,1,0
53,64,43,0,0
68,65,29,0,0
56,65,100,1,0
55,57,60,0,0
65,72,123,0,0
65,80,62,1,0
59,67,113,0,0
46,47,47,0,1
88,92,77,1,0
69,64,21,0,0
51,53,29,0,0
83,86,111,0,1
44,52,81,0,0
59,69,44,0,0
54,60,91,0,1
56,76,48,1,0
53,58,94,0,0
52,62,52,0,0
108,114,52,0,1
96,110,67,0,1
52,55,48,0,0
48,52,76,0,0
62,63,58,1,0
111,115,98,1,0
53,55,68,0,0
78,100,90,1,0
88,96,69,1,0
49,52,55,0,0
54,58,74,0,0
46,51,41,0,0
42,40,35,1,0
75,80,82,1,0
44,48,80,0,0
54,65,45,0,0
68,69,71,0,0
53,47,18,0,0
83,81,60,0,1
82,64,64,0,1
54,78,91,0,1
43,53,69,0,0
67,67,8,1,0
51,57,78,0,0
36,44,70,0,0
48,52,100,0,0
72,75,87,0,0
76,68,63,0,1
94,98,46,0,1
46,46,100,0,0
47,54,110,0,0
73,78,76,1,0
55,59,25,0,0
96,97,104,1,0
86,91,102,1,0
63,68,94,0,1
99,112,80,1,0
59,67,68,0,1
65,45,26,0,0
58,66,48,1,0
55,54,24,0,0
53,58,72,0,0
68,86,36,1,0
48,54,35,0,0
107,117,98,1,0
52,55,44,1,0
40,49,111,0,0
35,47,64,0,0
46,50,109,0,1
100,110,110,1,0
56,62,30,0,0
55,62,58,0,0
61,70,52,1,0
73,76,73,1,0
68,71,73,0,0
76,84,83,1,0
52,61,84,0,1
70,84,115,0,0
67,76,51,0,0
46,54,105,0,1
47,50,50,0,0
72,70,58,0,1
70,74,57,1,0
95,96,87,0,1
58,66,110,0,0
87,91,31,1,0
50,54,36,0,0
57,64,58,0,0
59,67,55,0,0
81,85,61,1,0
44,49,20,0,1
62,75,109,0,1
45,38,20,0,0
54,59,22,0,0
90,105,62,1,0
62,59,83,0,1
84,89,34,1,0
51,55,62,0,0
54,57,33,0,0
54,58,103,0,0
62,71,87,0,0
51,55,40,0,0
76,88,53,1,0
89,85,71,0,1
88,97,90,1,0
61,65,56,0,0
59,64,86,1,0
67,75,29,0,0
42,46,113,0,1
52,54,48,0,0
95,97,85,0,1
57,62,90,0,1
68,72,43,0,0
82,62,63,0,1
63,58,71,0,0
45,50,108,0,0
62,68,90,0,1
52,51,70,0,0
60,64,76,0,0
61,65,58,0,0
63,56,66,0,0
67,79,60,0,0
47,50,48,0,1
60,83,48,1,0
67,74,34,0,0
73,79,64,1,0
47,49,96,0,0
86,91,71,0,1
52,49,22,0,0
54,56,100,0,0
74,79,68,0,1
53,57,97,0,0
39,51,54,0,0
42,49,110,0,1
52,54,18,0,0
68,71,42,0,0
60,61,64,0,1
57,62,96,1,0
65,64,50,0,1
56,74,44,1,0
69,78,84,0,0
65,76,36,0,0
71,76,84,0,0
72,79,74,1,0
51,62,78,0,0
53,57,80,0,0
59,66,73,0,0
82,93,41,1,0
47,52,98,0,0
93,94,92,0,1
69,69,73,0,0
78,90,56,1,0
56,73,88,1,0
70,77,82,0,0
52,48,20,0,0
69,63,15,0,0
91,112,64,1,0
76,77,72,0,1
50,48,55,0,0
70,83,54,1,0
77,92,94,1,0
59,61,68,0,1
41,48,91,0,0
42,47,111,0,0
44,52,86,0,0
63,54,61,0,0
54,58,93,0,1
83,90,83,0,1
78,88,76,1,0
53,59,30,0,0
69,77,32,0,0
68,84,82,1,0
55,65,42,0,0
61,70,106,0,0
61,44,22,0,0
68,70,30,0,0
48,53,59,0,0
71,76,59,1,0
45,51,78,0,0
72,82,62,1,0
60,70,88,0,0
54,59,37,0,0
57,66,41,1,0
53,55,68,0,0
43,49,96,0,1
91,98,81,1,0
58,64,80,0,0
61,64,78,0,0
67,79,48,1,0
76,86,72,1,0
55,56,89,0,0
46,52,92,0,0
55,63,38,0,0
81,92,98,1,0
41,36,18,0,0
70,83,73,1,0
52,57,92,0,0
86,97,90,1,0
87,96,111,1,0
61,54,60,0,1
69,73,44,0,0
49,52,90,0,0
113,114,68,0,1
68,74,100,0,0
69,62,18,0,0
72,75,75,1,0
68,78,19,0,0
65,67,71,1,0
82,86,84,0,1
69,71,44,0,0
59,68,102,0,0
64,48,35,0,0
88,93,90,1,0
53,63,46,0,0
62,69,94,0,0
46,52,15,0,0
49,48,107,0,0
32,40,114,0,1
55,59,83,1,0
95,98,95,1,0
48,49,27,0,1
70,66,92,0,1
61,69,85,0,0
61,82,54,1,0
54,54,104,1,0
60,64,86,0,0
57,64,54,0,0
48,51,44,0,0
61,70,36,0,0
69,72,54,0,0
88,95,70,0,1
42,49,92,0,0
99,99,49,1,0
51,53,110,0,1
54,60,100,1,0
62,65,82,0,0
79,89,50,1,0
82,77,68,0,1
62,66,59,0,0
51,60,66,0,0
61,54,32,0,0
70,70,84,0,0
45,47,92,0,0
62,67,90,0,0
57,55,88,0,1
66,69,77,0,0
77,77,85,1,0
50,54,82,1,0
63,61,72,0,0
76,80,92,0,1
62,67,48,0,0
69,82,78,0,0
54,60,82,0,0
77,73,62,0,1
43,47,53,0,0
72,76,92,0,0
53,55,122,0,1
41,38,28,0,0
47,58,54,0,0
41,51,54,0,0
47,54,36,0,0
103,110,109,0,1
52,47,22,0,0
36,34,26,0,0
65,74,55,0,1
43,41,33,0,0
51,52,106,0,1
82,109,47,1,0
38,43,101,0,0
45,55,100,0,0
46,52,70,0,0
60,69,80,0,1
49,53,88,0,0
77,84,88,0,1
83,88,82,0,1
69,69,81,0,0
54,63,92,1,0
51,53,36,1,0
116,123,113,1,0
39,47,106,0,1
66,67,38,0,0
69,77,79,1,0
67,60,78,0,1
52,48,20,0,0
80,86,96,0,1
45,51,80,0,0
77,80,92,0,1
68,81,54,0,0
36,36,28,0,0
86,88,89,1,0
66,65,76,0,1
45,51,100,0,0
46,45,103,0,0
64,60,86,0,0
72,86,104,1,0
35,43,112,0,1
60,70,64,0,1
42,42,36,0,0
53,66,37,0,0
103,114,92,1,0
57,65,31,1,0
61,65,76,0,0
47,52,111,0,1
52,48,56,0,0
54,60,105,0,0
82,86,65,1,0
53,45,26,0,0
66,74,52,0,1
53,63,82,0,1
40,51,38,0,0
73,74,80,1,0
46,52,78,0,0
47,51,51,0,0
68,72,59,0,0
80,87,26,0,1
39,49,66,0,0
59,65,61,0,0
40,53,53,0,0
101,107,110,1,0
46,52,68,1,0
111,120,108,1,0
52,56,47,0,0
62,54,32,0,0
56,58,85,0,0
54,56,83,0,0
67,71,74,1,0
68,72,66,0,0
70,75,112,0,0
60,67,94,0,0
72,75,95,0,0
51,55,101,0,0
46,55,107,0,0
55,61,71,0,0
78,90,72,1,0
46,56,76,0,0
54,57,26,0,0
38,53,58,0,0
89,99,81,0,1
67,75,95,0,1
79,85,86,0,1
68,75,38,0,0
65,72,61,1,0
52,54,56,0,0
68,67,52,0,1
52,52,50,0,0
51,50,40,0,0
40,46,22,0,0
52,53,62,0,0
45,56,42,0,0
90,92,67,0,1
47,51,108,0,0
55,63,48,1,0
76,83,30,0,1
61,67,66,0,1
38,44,93,0,0
47,55,55,0,0
55,60,86,0,0
69,79,82,0,0
60,64,80,0,0
52,56,73,0,0
77,75,83,0,1
49,52,104,0,1
65,68,33,1,0
48,50,62,0,0
59,60,65,0,0
56,63,94,0,1
48,52,68,0,0
85,96,47,0,1
39,50,88,0,1
50,52,34,0,0
54,63,78,0,1
58,75,101,0,1
62,58,62,0,0
43,68,80,0,1
53,67,24,0,0
55,58,21,0,0
57,67,46,0,0
73,79,41,0,1
58,65,64,0,0
48,49,54,0,0
86,95,86,1,0
60,68,99,0,0
88,90,37,0,1
56,62,78,0,0
70,72,70,1,0
58,62,89,0,0
48,55,96,0,0
60,68,38,0,0
62,57,68,0,0
63,58,83,0,0
53,55,60,0,0
52,74,91,0,1
44,40,30,0,1
90,94,96,0,1
44,53,82,0,0
43,45,38,0,0
40,50,44,0,0
99,104,116,1,0
41,51,40,0,0
40,51,45,0,0
97,107,104,1,0
85,83,66,0,1
93,96,58,0,1
54,57,51,0,0
64,68,35,0,0
43,50,87,1,0
76,61,71,0,1
53,58,78,0,0
68,76,58,1,0
58,62,82,0,1
62,71,56,0,0
70,82,65,0,0
95,100,80,0,1
80,86,72,1,0
59,67,98,0,1
46,47,96,0,0
70,65,37,0,0
46,48,38,0,0
70,73,96,1,0
102,102,111,1,0
67,62,54,0,1
68,79,64,0,0
63,69,94,1,0
87,107,78,1,0
44,50,113,0,1
77,70,80,0,1
67,72,39,0,0
69,75,54,0,0
59,69,33,0,1
51,58,109,0,0
38,45,41,0,1
42,49,71,0,0
49,51,44,0,0
69,73,97,0,0
90,96,97,1,0
53,52,26,0,0
47,67,84,0,1
75,90,62,0,1
46,53,103,0,0
37,43,112,0,1
52,63,44,0,0
49,52,78,1,0
55,63,96,0,1
94,99,107,1,0
54,61,32,0,0
72,80,97,0,0
75,73,60,0,1
44,49,115,0,1
49,53,92,0,1
46,51,100,0,0
76,84,106,0,1
52,61,98,0,1
54,55,24,0,0
107,111,39,0,1
60,72,52,0,0
48,63,25,0,0
63,67,19,1,0
68,71,71,0,0
101,103,94,1,0
79,87,88,1,0
79,69,69,0,1
56,57,62,0,1
63,62,72,0,0
62,67,57,1,0
46,48,84,0,0
71,73,68,1,0
68,74,54,1,0
39,50,72,0,0
79,89,46,1,0
47,51,52,0,0
49,66,17,0,0
53,77,64,1,0
62,63,50,0,0
45,48,95,0,0
67,69,80,0,0
69,69,38,0,0
41,47,20,0,1
45,52,74,0,0
46,57,67,0,0
70,82,111,0,0
84,87,72,0,1
68,82,86,0,1
64,72,24,0,0
77,81,90,1,0
52,58,80,0,0
54,58,34,0,0
50,56,42,1,0
52,60,61,0,0
69,77,112,0,0
66,74,34,0,0
71,82,94,0,1
90,95,108,1,0
60,58,36,0,0
55,64,34,1,0
68,82,68,1,0
44,49,103,0,1
44,48,88,0,0
73,86,84,1,0
90,96,101,1,0
56,60,92,0,1
41,49,115,0,0
78,93,99,0,1
45,47,92,0,0
99,101,62,0,1
46,37,16,0,0
52,54,64,0,0
69,69,23,0,0
52,42,22,0,0
54,55,95,0,1
61,68,106,0,0
49,58,112,1,0
46,50,25,0,1
63,60,106,0,1
74,87,96,1,0
103,111,112,1,0
71,76,73,0,1
45,51,63,0,0
61,69,78,0,1
79,84,110,0,1
60,69,44,0,0
82,81,65,0,1
48,54,16,0,0
51,51,64,0,0
62,50,44,0,0
53,60,17,0,0
70,80,104,0,0
61,65,78,0,0
45,54,66,1,0
49,53,55,0,1
73,72,64,1,0
47,54,96,0,0
80,84,26,0,1
63,71,60,0,1
50,57,88,0,0
54,68,27,0,0
49,51,60,0,0
61,62,56,0,0
65,63,104,0,1
61,70,38,0,0
71,74,82,0,0
61,70,110,0,0
80,94,91,1,0
53,58,68,0,0
41,48,26,0,0
43,54,111,0,0
46,49,54,0,0
48,54,30,0,0
60,70,64,0,1
54,58,108,0,0
65,42,8,0,0
61,74,71,1,0
70,72,81,1,0
35,34,26,0,0
49,52,73,0,0
61,69,54,1,0
55,60,97,0,0
47,53,63,0,0
60,68,112,0,0
54,62,38,0,0
51,41,18,0,0
71,60,75,0,1
41,48,108,0,1
51,48,40,0,0
64,57,76,0,0
41,45,36,0,0
68,72,73,1,0
74,71,68,1,0
73,86,79,1,0
45,53,64,0,0
89,94,68,0,1
90,92,66,0,1
45,53,59,0,0
55,70,13,0,0
77,88,42,1,0
59,61,81,0,1
63,59,80,0,0
58,63,84,0,0
82,89,64,0,1
52,47,15,0,0
66,81,67,1,0
74,71,61,0,1
79,84,108,1,0
73,106,18,0,0
55,54,11,0,0
72,78,80,0,0
48,51,62,0,0
62,69,51,1,0
40,45,17,0,0
52,54,98,0,1
46,52,85,0,0
80,91,76,1,0
56,55,47,0,0
90,92,80,1,0
70,77,58,1,0
75,94,96,0,1
47,52,74,0,0
89,110,64,1,0
66,65,93,0,1
57,54,120,0,1
47,51,60,0,0
63,64,72,0,1
73,72,74,0,1
60,73,51,0,0
64,80,72,1,0
57,61,83,0,1
69,64,23,0,0
97,110,110,1,0
63,69,76,0,1
72,82,94,1,0
48,57,19,0,0
40,51,49,0,0
47,51,68,0,0
86,90,107,0,1
87,95,73,1,0
87,94,76,0,1
45,53,71,1,0
95,97,55,0,1
73,75,78,0,1
61,66,58,0,0
68,74,105,0,0
71,76,88,0,1
64,49,43,0,0
62,62,61,0,1
67,73,39,0,1
53,62,58,0,0
54,60,44,0,0
55,62,98,1,0
52,59,42,0,0
53,60,40,0,0
74,84,98,0,1
41,35,17,0,0
60,66,60,0,0
60,65,91,0,0
46,51,102,0,0
67,74,47,0,0
52,64,78,0,1
72,84,113,0,0
54,56,21,0,0
46,45,38,0,0
78,89,101,1,0
47,53,67,0,0
60,49,24,0,0
84,80,76,0,1
94,98,95,1,0
56,63,64,0,0
61,64,64,0,1
62,72,35,0,1
61,71,86,0,0
67,74,108,0,1
57,65,30,1,0
66,69,81,0,1
48,48,24,0,1
64,49,42,0,0
67,67,79,0,1
62,61,78,0,0
71,76,84,0,0
50,53,73,1,0
68,71,86,0,0
55,72,96,0,1
42,48,84,0,0
67,75,34,0,0
65,73,82,0,1
67,74,70,1,0
52,61,46,0,0
87,95,74,1,0
78,85,90,0,1
93,98,77,1,0
51,48,16,0,0
60,75,58,0,0
51,44,32,0,0
58,64,38,1,0
97,102,82,0,1
52,62,77,0,0
65,74,44,0,0
75,83,61,1,0
36,38,30,0,0
47,58,86,1,0
40,45,82,0,0
55,55,39,0,0
73,80,46,0,1
59,70,81,0,1
56,58,16,0,0
62,71,83,0,0
87,100,73,1,0
54,56,29,0,0
47,52,101,0,1
61,64,58,0,0
68,71,77,1,0
77,82,33,0,1
35,43,66,0,0
63,50,38,0,0
62,53,48,0,0
47,53,52,0,0
63,73,99,0,0
85,93,82,0,1
52,58,21,0,0
73,79,86,0,0
62,70,78,0,0
95,109,74,1,0
68,64,97,0,1
77,92,56,0,1
55,57,81,0,0
72,82,67,0,0
73,87,21,1,0
82,100,46,1,0
70,67,56,0,1
46,52,103,0,1
72,77,81,0,0
67,76,38,0,0
49,50,62,0,0
44,68,82,0,1
37,50,61,1,0
56,57,56,0,0
44,46,108,0,0
53,63,40,0,0
66,72,52,0,1
42,51,88,0,1
109,119,100,1,0
55,58,96,0,0
55,57,88,0,0
67,71,71,0,0
54,74,90,1,0
69,69,82,0,1
45,53,88,1,0
53,69,16,0,0
64,69,75,0,1
65,46,29,0,0
60,48,39,0,0
52,63,45,0,0
66,75,114,0,1
63,69,82,0,1
36,49,54,0,0
52,60,43,0,0
54,62,82,0,0
61,56,55,0,0
67,68,74,1,0
35,40,35,0,0
56,58,100,0,0
59,67,69,0,0
54,62,49,0,0
70,77,62,1,0
49,67,90,0,1
67,72,18,0,0
56,64,66,0,0
77,86,96,0,1
61,63,79,0,0
56,57,97,0,0
61,44,22,0,0
52,53,20,0,0
102,110,60,0,1
52,46,32,0,0
49,53,71,0,0
64,62,100,0,0
46,52,80,0,0
54,62,95,1,0
102,103,104,1,0
106,113,54,0,1
65,71,78,1,0
68,81,89,0,1
46,50,60,0,0
76,91,49,1,0
53,53,16,0,0
53,56,25,0,0
81,95,72,0,1
68,73,88,0,1
68,73,66,1,0
69,72,14,0,0
48,49,48,0,0
47,54,89,1,0
66,66,75,0,1
53,62,60,0,0
55,58,104,0,0
42,46,16,0,1
65,69,51,1,0
40,51,68,0,0
60,65,80,0,0
47,51,103,0,0
53,56,73,0,0
67,69,26,0,0
105,111,110,0,1
51,54,52,0,0
67,70,26,0,0
59,62,90,0,1
50,52,69,0,0
55,60,85,0,0
55,59,92,0,0
61,71,47,0,0
46,53,98,0,0
59,67,39,1,0
54,63,72,0,0
85,91,40,1,0
76,85,94,1,0
44,50,73,1,0
59,67,53,1,0
48,51,40,1,0
53,61,26,0,0
47,38,24,0,0
83,97,84,1,0
42,49,72,1,0
38,48,78,0,0
47,52,71,0,0
84,87,77,0,1
96,101,54,0,1
75,81,62,0,1
58,61,58,1,0
116,113,76,1,0
63,66,85,0,1
61,60,70,0,0
62,68,61,1,0
84,91,40,1,0
76,87,40,1,0
55,59,99,0,0
75,85,71,1,0
70,77,102,0,0
56,54,13,0,0
55,60,53,1,0
95,97,92,0,1
52,59,79,0,0
86,94,87,1,0
48,55,65,0,0
92,98,68,0,1
65,63,66,1,0
64,71,62,1,0
54,65,70,0,1
59,62,86,0,1
69,73,96,0,0
69,66,26,0,0
44,48,100,0,0
68,75,20,0,0
80,81,55,0,1
73,79,40,0,1
61,60,70,0,0
73,79,64,1,0
105,112,51,0,1
52,52,50,0,0
64,61,104,0,1
47,52,78,0,0
48,56,111,1,0
59,67,86,0,0
38,43,104,0,1
41,49,110,0,0
35,37,48,0,0
54,59,79,0,0
55,59,84,0,0
65,74,34,0,0
53,60,76,0,1
73,73,58,0,1
66,72,88,0,0
48,57,23,0,0
64,69,32,1,0
72,76,91,0,0
55,57,96,0,1
67,70,86,0,0
46,54,52,0,1
54,57,16,0,0
49,50,50,0,0
52,43,28,0,0
49,58,72,1,0
82,84,92,1,0
65,63,94,0,0
54,54,55,0,1
44,47,45,0,1
61,48,35,0,0
68,81,43,0,0
43,49,46,1,0
51,54,80,0,0
46,50,27,1,0
72,79,42,1,0
45,53,54,0,1
72,87,66,0,1
67,72,56,0,0
48,55,61,0,0
46,53,110,0,0
71,80,86,0,0
73,87,68,1,0
50,53,97,0,1
48,54,98,0,0
81,91,77,1,0
51,74,39,1,0
46,51,101,0,0
31,41,108,0,0
65,72,64,1,0
73,88,62,1,0
96,112,70,1,0
77,85,60,1,0
50,51,42,1,0
78,84,60,1,0
48,55,94,0,0
75,82,70,1,0
56,63,97,0,1
69,74,58,0,1
47,50,90,1,0
90,99,51,0,1
58,57,88,0,1
44,50,23,1,0
53,59,87,0,0
82,92,78,1,0
97,100,87,1,0
45,47,80,0,0
41,42,34,0,0
60,63,55,0,0
84,104,80,1,0
60,72,75,1,0
53,43,24,0,0
35,37,30,0,0
68,78,53,0,0
66,76,99,0,0
45,54,112,0,0
46,54,46,0,0
72,74,92,0,0
74,82,100,0,1
45,39,24,0,0
61,57,87,0,1
85,90,16,0,1
62,68,67,1,0
66,64,101,0,1
45,51,74,0,0
47,50,51,0,0
60,64,92,0,1
78,83,85,0,1
67,84,51,1,0
97,106,107,1,0
39,49,64,1,0
63,70,64,1,0
62,58,40,0,0
81,83,54,0,1
60,62,54,0,0
70,79,40,1,0
68,75,31,0,0
63,63,62,1,0
85,96,82,1,0
57,59,59,1,0
71,86,88,1,0
45,52,92,0,0
45,56,45,0,0
90,107,64,1,0
70,70,78,0,1
95,105,70,0,1
64,70,17,1,0
101,113,86,1,0
82,87,22,0,1
92,97,112,1,0
61,65,68,0,0
65,44,23,0,0
38,54,47,0,0
68,79,66,0,0
59,65,94,0,0
52,54,37,0,0
41,50,61,0,0
51,54,95,0,1
69,73,53,0,0
63,44,13,0,0
95,102,46,1,0
55,65,101,0,1
66,67,27,0,0
59,68,110,0,0
79,83,56,1,0
96,99,91,0,1
37,47,74,0,0
77,89,39,1,0
68,76,33,0,0
74,110,34,1,0
78,81,50,0,1
62,81,68,1,0
47,53,104,0,0
67,72,90,0,1
74,86,22,1,0
86,91,74,1,0
75,75,71,0,1
88,96,94,1,0
67,71,66,0,0
67,77,28,0,0
51,47,30,0,0
55,64,73,1,0
35,30,30,0,0
52,59,44,0,0
70,69,80,0,0
63,54,64,0,0
63,65,49,0,1
79,94,90,1,0
49,54,78,1,0
90,92,82,1,0
45,52,76,0,0
54,65,45,1,0
71,75,88,0,0
54,61,106,0,0
52,62,96,1,0
46,51,77,0,0
89,86,70,0,1
51,57,68,0,0
44,73,75,1,0
47,53,91,1,0
49,57,50,0,0
59,67,108,0,0
59,71,64,0,0
41,49,113,0,0
55,58,54,1,0
66,67,32,0,0
47,50,56,0,0
63,63,74,0,1
64,68,76,0,1
46,55,100,0,0
55,56,41,0,0
45,48,81,0,0
110,115,105,1,0
60,61,46,0,0
61,70,52,0,0
47,55,114,0,0
70,69,61,0,0
62,65,61,0,1
45,53,114,0,0
47,52,58,0,0
62,70,60,0,0
84,103,52,1,0
36,48,67,0,0
45,55,88,1,0
43,48,112,0,1
44,49,108,0,0
50,52,112,0,1
58,55,61,0,1
73,78,82,1,0
71,86,24,1,0
80,78,56,0,1
66,66,33,0,0
90,107,102,1,0
72,79,98,0,1
71,70,80,1,0
92,96,102,1,0
64,67,42,1,0
49,54,55,0,1
81,91,86,1,0
44,52,72,0,0
62,74,74,1,0
64,70,83,0,1
64,67,73,1,0
51,58,77,0,0
52,52,49,0,0
47,50,111,0,1
42,50,50,1,0
57,62,80,0,1
50,53,92,1,0
45,52,104,0,0
71,76,133,0,0
56,63,25,0,0
67,73,46,0,0
52,48,38,0,0
51,55,60,0,1
35,49,58,0,0
68,71,25,0,0
50,54,47,0,0
69,72,41,0,0
83,94,66,1,0
65,67,93,1,0
66,75,31,0,0
68,73,92,1,0
46,51,111,0,0
47,52,64,0,0
50,53,73,0,0
44,49,21,1,0
64,59,80,0,1
48,52,78,0,0
79,78,80,0,1
101,112,112,1,0
69,75,106,0,1
55,60,90,0,0
48,56,70,0,0
102,109,111,1,0
65,52,45,0,0
103,108,56,1,0
44,52,74,0,0
63,58,68,0,0
53,55,47,1,0
61,69,85,1,0
68,70,60,1,0
48,55,80,0,0
48,59,43,0,0
56,65,43,0,0
76,82,72,1,0
45,48,112,0,0
34,41,114,0,1
40,52,58,0,0
58,65,42,0,0
78,83,60,1,0
35,47,74,0,0
54,58,14,0,0
60,69,73,0,0
62,71,92,0,0
59,68,97,1,0
41,47,15,0,1
45,42,26,0,0
43,49,46,0,1
58,64,82,0,0
67,77,74,1,0
51,53,56,0,0
67,73,72,0,1
52,57,76,0,0
48,52,94,0,0
45,55,110,0,0
48,51,106,0,0
69,71,87,1,0
60,61,58,1,0
60,79,59,1,0
38,49,70,0,0
54,59,16,0,0
85,92,37,1,0
78,83,93,0,1
58,63,94,1,0
78,87,16,1,0
65,67,52,1,0
60,62,46,0,1
71,77,88,0,0
60,70,94,0,0
49,54,34,1,0
66,82,54,1,0
112,121,111,1,0
72,75,136,0,0
89,96,106,1,0
51,49,40,0,0
62,49,36,0,0
53,58,41,0,0
61,63,84,0,0
69,71,78,0,1
36,45,76,0,0
48,48,68,1,0
107,112,97,1,0
79,62,68,0,1
37,44,93,0,0
55,64,61,0,0
64,45,24,0,0
92,94,88,1,0
51,74,68,1,0
74,76,67,0,1
94,108,103,1,0
60,63,91,0,1
53,58,88,0,0
44,51,71,1,0
59,66,65,0,1
67,77,64,0,0
72,72,127,0,0
63,70,18,1,0
94,96,58,0,1
60,70,53,1,0
54,64,31,0,0
58,59,104,0,1
66,69,18,0,0
60,70,76,0,0
46,53,81,0,0
79,86,76,1,0
62,79,57,1,0
62,64,85,0,1
64,73,86,0,1
51,53,39,0,0
47,55,23,0,0
61,71,88,0,1
64,75,34,0,0
63,73,58,0,1
70,74,74,0,1
45,51,98,0,0
51,51,46,0,0
90,94,53,0,1
69,77,14,0,0
72,79,90,1,0
58,63,100,0,0
47,49,52,0,1
53,59,67,0,0
63,80,76,1,0
90,95,27,1,0
56,59,113,0,0
33,41,113,0,1
50,51,28,0,1
89,103,68,1,0
68,76,35,0,0
51,55,108,0,0
53,56,26,0,0
34,27,16,0,0
54,55,44,0,0
47,42,24,0,0
52,59,96,0,0
79,91,69,1,0
76,85,72,1,0
55,64,26,0,0
46,51,102,0,0
62,64,72,0,1
92,98,90,0,1
83,104,84,1,0
80,88,62,0,1
47,51,28,1,0
94,109,106,1,0
36,46,85,0,0
68,82,60,1,0
60,68,85,0,1
51,50,39,1,0
65,65,109,0,0
97,97,53,0,1
36,48,55,0,0
48,55,68,1,0
69,70,60,1,0
61,56,63,0,1
55,63,56,0,0
86,94,106,1,0
48,53,95,1,0
47,50,71,0,0
93,111,72,1,0
64,68,60,1,0
52,51,52,0,0
81,88,78,1,0
63,70,88,0,1
53,58,77,0,0
68,60,76,0,1
91,92,97,0,1
47,52,52,0,0
52,59,45,0,0
59,64,82,0,0
80,90,52,1,0
65,74,30,0,0
93,87,79,0,1
46,55,107,0,0
49,50,56,0,0
72,87,107,0,0
66,73,44,0,0
42,50,62,0,0
48,53,97,0,1
70,79,74,0,0
71,81,88,0,0
82,90,20,0,1
47,53,82,0,0
52,60,48,0,0
52,49,44,0,0
60,66,108,1,0
36,39,34,0,0
55,55,22,0,0
73,81,38,0,1
72,75,90,0,0
74,81,96,0,1
53,53,58,0,0
44,57,76,0,0
97,109,65,0,1
48,51,92,0,0
63,70,116,0,0
76,73,62,0,1
53,61,73,0,1
72,84,96,0,1
82,88,81,0,1
60,64,68,0,1
52,53,17,0,0
73,101,39,0,0
87,98,86,0,1
46,56,21,0,0
62,58,68,0,0
41,39,28,0,0
63,55,58,0,0
49,59,38,0,0
84,76,70,0,1
79,84,94,1,0
96,99,46,1,0
75,80,94,0,1
68,80,48,0,0
62,70,43,0,0
48,52,51,0,0
90,87,56,0,1
65,69,74,0,1
36,47,80,0,0
52,41,18,0,0
61,70,65,0,0
70,68,54,0,1
53,61,48,0,0
88,90,70,0,1
71,79,46,0,1
93,109,70,1,0
63,76,55,1,0
39,46,112,0,1
67,71,76,0,0
76,99,91,1,0
44,51,67,1,0
52,41,20,0,0
59,66,104,0,0
44,54,73,0,0
53,59,53,0,0
51,51,30,0,0
52,49,45,0,0
77,86,93,0,1
41,38,26,0,0
91,108,69,1,0
46,48,94,0,0
48,62,22,0,0
46,55,62,0,0
47,53,70,1,0
47,37,15,0,0
70,60,13,0,0
102,104,94,1,0
45,49,23,0,1
46,53,99,0,1
69,72,94,0,0
51,54,34,0,0
32,42,110,0,1
94,99,51,0,1
67,69,89,1,0
59,67,56,1,0
50,66,86,0,1
55,64,50,0,0
78,74,48,0,1
102,110,83,1,0
72,74,86,1,0
95,104,62,1,0
77,69,66,0,1
52,61,56,0,0
57,55,59,0,1
51,62,50,0,0
65,69,14,0,0
70,78,108,0,1
49,55,99,0,1
45,40,21,0,0
92,102,100,0,1
69,85,75,1,0
72,62,72,0,1
53,57,92,0,0
105,115,110,1,0
45,52,108,0,0
69,75,42,0,1
61,77,61,0,0
53,62,69,0,0
80,87,74,1,0
46,67,84,0,1
68,82,48,1,0
74,83,77,1,0
62,64,91,1,0
54,52,58,0,1
59,64,71,0,1
87,90,72,0,1
55,57,16,0,0
75,86,91,0,1
56,61,88,0,0
48,55,80,0,0
67,75,95,0,1
78,83,86,0,1
65,66,58,0,1
40,51,42,0,0
77,79,84,1,0
54,58,115,0,0
62,48,38,0,1
87,87,110,1,0
65,74,29,0,0
44,51,103,0,0
56,65,98,0,1
57,67,44,0,0
48,53,57,0,0
43,51,74,1,0
85,91,82,1,0
61,66,112,1,0
66,73,74,0,1
61,66,90,0,0
78,89,73,1,0
51,53,118,0,1
110,109,96,1,0
54,57,16,0,0
31,39,112,0,1
70,75,80,0,0
51,53,54,0,0
51,51,53,0,1
60,70,49,0,0
61,49,27,0,0
93,104,40,1,0
105,112,96,1,0
92,97,98,1,0
69,74,54,0,1
53,52,54,0,0
54,61,40,0,0
74,72,60,0,1
50,54,52,0,0
51,56,42,0,0
36,42,104,0,1
52,59,51,0,0
85,86,112,1,0
53,60,70,0,0
85,106,80,1,0
54,65,75,0,1
48,58,56,0,0
64,73,67,1,0
53,55,36,0,0
50,56,56,0,1
87,85,61,0,1
45,51,90,1,0
40,51,28,0,0
52,56,19,0,0
60,66,106,1,0
82,94,98,0,1
54,62,98,1,0
48,52,96,0,1
49,54,34,0,0
48,53,88,0,0
51,42,17,0,0
69,72,64,0,0
80,85,60,1,0
101,111,111,1,0
80,92,53,0,1
79,88,80,1,0
60,62,89,1,0
70,76,62,0,1
56,57,82,0,0
48,57,56,1,0
63,57,77,0,0
58,59,84,1,0
53,62,64,0,0
54,57,48,1,0
76,84,55,1,0
56,61,26,0,0
79,76,52,0,1
68,75,112,0,0
70,71,82,0,0
39,45,18,0,0
52,56,48,1,0
95,96,56,0,1
68,69,48,0,1
68,79,42,0,0
60,67,106,0,0
57,62,85,0,0
73,80,98,0,1
93,98,96,1,0
55,54,27,0,0
67,74,25,1,0
51,63,42,0,0
110,113,84,1,0
67,69,54,1,0
72,84,63,1,0
70,71,65,1,0
37,46,98,0,0
63,62,95,0,0
59,60,56,1,0
61,65,94,1,0
48,51,75,0,0
81,88,77,1,0
44,41,32,0,1
64,65,106,0,0
91,96,62,0,1
102,111,56,0,1
55,57,92,0,1
67,76,15,0,0
69,78,37,1,0
46,47,96,0,0
49,56,102,0,1
43,47,43,0,0
69,76,64,0,1
75,87,89,0,1
64,67,78,0,1
61,62,98,0,1
74,85,103,0,1
49,51,99,0,0
109,120,103,1,0
84,87,45,0,1
55,61,34,0,0
67,82,51,1,0
40,50,72,1,0
106,108,93,1,0
86,89,112,1,0
42,50,86,0,0
54,60,109,0,0
102,105,98,1,0
78,79,69,0,1
63,66,28,1,0
85,104,54,1,0
91,98,93,1,0
65,61,89,0,0
93,95,29,0,1
56,64,67,0,1
68,68,51,0,1
49,50,46,0,0
64,57,68,0,0
34,26,14,0,0
43,48,94,0,0
54,64,33,0,0
36,35,26,0,0
69,83,47,1,0
58,67,62,0,1
47,57,33,0,0
51,58,90,0,0
54,58,106,0,0
56,62,20,0,0
35,26,15,0,0
47,53,36,0,0
67,73,22,0,0
66,76,36,0,0
39,44,100,0,0
61,70,96,0,0
53,57,90,0,0
54,54,15,0,0
46,44,32,0,0
58,84,51,1,0
47,54,80,1,0
63,69,82,0,1
41,51,67,0,0
62,72,76,0,0
45,45,34,0,0
69,79,83,0,0
61,62,74,0,0
106,111,87,1,0
49,53,79,0,0
86,95,116,1,0
73,77,69,0,1
92,103,66,1,0
54,59,38,0,0
62,44,20,0,0
69,73,19,0,0
41,41,30,0,0
53,57,13,0,0
60,68,34,0,0
60,68,98,1,0
70,85,27,1,0
62,59,43,0,0
58,65,78,1,0
47,55,21,0,0
72,82,99,0,0
89,92,100,0,1
88,91,67,0,1
45,52,82,0,0
57,62,73,0,0
74,76,76,0,1
47,52,98,0,0
89,95,86,1,0
83,87,79,1,0
70,69,48,0,1
54,61,23,0,0
85,110,57,1,0
60,62,69,0,1
41,48,113,0,0
61,41,14,0,0
52,59,78,1,0
48,50,33,0,0
68,73,16,0,0
55,59,22,0,0
90,92,29,1,0
59,70,80,0,1
60,67,66,0,0
58,65,74,0,0
39,53,57,0,0
80,98,44,1,0
51,55,96,0,1
70,73,74,1,0
69,73,41,0,1
45,41,24,0,0
72,85,109,0,0
51,56,44,0,0
59,64,83,0,0
71,78,142,0,0
70,66,40,0,0
46,48,48,0,1
69,70,22,0,0
51,49,22,0,0
41,34,15,0,0
41,51,62,0,0
50,54,99,0,1
68,67,72,1,0
54,58,89,0,0
59,63,92,0,0
44,58,81,1,0
60,59,68,0,1
43,49,108,0,0
68,70,82,0,0
79,91,45,1,0
47,51,72,0,0
49,53,76,0,0
65,72,126,0,0
45,39,20,0,0
53,44,22,0,0
52,57,73,1,0
91,92,61,0,1
34,31,36,0,0
99,113,86,1,0
36,47,49,0,1
43,37,24,0,0
45,49,101,0,1
53,62,78,0,0
59,70,68,0,1
48,55,61,0,0
47,67,21,0,0
46,55,48,0,0
47,50,54,0,0
56,57,24,0,0
57,66,78,0,1
51,59,41,0,0
66,84,78,1,0
61,42,16,0,0
107,112,56,0,1
58,65,52,0,0
59,69,42,0,0
32,40,113,0,1
70,74,78,1,0
60,64,90,0,1
53,55,19,0,0
46,53,88,0,0
53,58,38,0,0
61,69,90,0,0
79,85,105,1,0
50,54,32,0,0
61,68,98,0,0
52,63,94,0,1
78,90,77,0,1
50,50,50,0,1
91,96,88,1,0
46,53,100,0,0
71,86,68,0,1
78,83,59,0,1
46,57,65,0,0
55,59,116,0,0
77,76,68,0,1
61,68,98,0,0
64,68,34,0,0
40,50,62,0,0
61,66,56,0,0
47,52,71,0,0
67,74,52,0,0
56,63,105,0,0
58,59,84,0,1
65,73,46,0,0
77,78,67,1,0
76,81,60,0,1
70,69,84,1,0
53,56,32,0,0
45,55,62,1,0
62,70,80,0,1
57,71,14,1,0
91,99,101,1,0
43,43,35,0,0
47,51,62,0,0
68,74,37,0,0
70,77,76,1,0
60,59,67,0,0
67,68,76,0,1
49,69,32,0,0
57,62,90,0,1
48,50,58,0,0
79,84,98,1,0
56,65,67,0,1
63,72,38,0,1
59,79,55,1,0
48,50,49,0,0
61,66,92,0,0
69,82,46,0,0
101,111,85,1,0
70,64,18,0,0
68,70,63,0,0
73,74,73,0,1
55,59,78,0,0
51,60,86,0,0
59,58,100,0,1
52,57,94,0,1
77,85,67,1,0
55,57,48,1,0
63,46,22,0,0
77,90,97,1,0
85,89,68,1,0
67,74,35,0,0
55,57,52,0,0
47,60,26,0,0
94,96,90,1,0
87,97,34,0,1
87,91,76,0,1
52,61,69,0,0
60,64,77,0,0
61,68,48,0,0
108,111,91,1,0
76,75,80,0,1
60,70,96,0,0
55,58,110,0,0
70,78,88,0,0
53,60,20,0,0
84,92,82,1,0
62,60,41,0,0
91,96,74,1,0
46,54,74,1,0
72,72,38,0,1
86,93,74,0,1
35,38,58,0,0
48,53,20,0,0
53,58,40,0,0
60,70,49,1,0
77,84,74,1,0
97,111,77,1,0
62,69,84,0,1
61,69,90,0,0
77,85,91,0,1
36,51,54,0,0
109,112,62,0,1
60,69,90,0,0
76,86,42,1,0
57,59,90,0,1
116,124,116,1,0
61,77,58,0,0
66,73,68,0,1
61,62,46,0,1
52,48,30,0,0
65,69,106,0,0
45,55,91,0,0
53,77,82,0,0
70,73,92,0,0
60,69,98,1,0
67,77,15,0,0
47,52,93,0,0
46,51,62,0,0
69,83,76,0,0
62,63,86,0,1
51,52,82,1,0
62,72,59,0,1
67,75,59,0,0
59,60,64,0,1
63,59,71,0,0
86,93,95,1,0
57,65,90,0,1
46,51,47,0,0
51,57,76,0,0
69,62,26,0,0
70,75,111,0,0
89,96,72,0,1
64,84,41,1,0
70,73,78,0,1
52,43,25,0,0
49,53,98,0,1
51,41,13,0,0
63,67,106,1,0
69,67,78,0,1
50,59,92,1,0
54,64,95,0,1
76,81,96,0,1
107,114,110,1,0
50,52,113,0,1
97,104,104,1,0
59,65,77,0,0
89,95,90,1,0
54,57,16,0,0
88,96,93,1,0
49,52,72,0,0
60,61,90,0,0
70,75,75,0,1
47,49,104,0,0
85,80,74,0,1
47,53,75,0,0
60,65,37,1,0
67,77,60,1,0
84,88,43,0,1
41,40,32,0,0
48,51,68,1,0
63,69,103,1,0
61,48,22,0,0
53,47,19,0,0
47,57,96,0,0
84,93,103,1,0
61,74,22,1,0
68,76,61,0,0
49,51,74,0,0
61,76,106,0,1
46,54,110,0,0
67,75,67,0,1
54,68,16,0,0
48,54,86,0,0
55,60,73,0,0
80,63,67,0,1
94,95,97,1,0
51,58,81,0,0
63,70,82,0,1
46,51,92,0,0
45,42,42,1,0
55,74,84,1,0
68,65,98,0,1
89,104,61,1,0
60,63,72,0,0
45,50,104,0,1
52,59,35,0,0
47,51,67,0,0
99,107,66,0,1
41,49,69,0,0
87,103,60,1,0
52,54,94,0,1
65,71,114,0,0
40,51,61,0,0
57,65,70,0,0
62,69,68,0,1
69,73,17,0,0
70,73,88,0,0
105,117,97,1,0
54,60,36,0,0
66,71,60,1,0
68,69,22,0,0
56,63,100,1,0
52,57,70,0,0
56,65,48,0,0
71,65,79,0,1
69,69,29,0,0
47,55,109,0,0
53,79,75,0,0
62,63,92,0,1
104,109,96,1,0
38,56,50,0,0
44,49,85,0,0
54,78,80,0,0
55,58,92,0,0
84,63,64,0,1
43,53,93,0,0
52,59,82,0,0
73,90,52,0,0
47,53,101,0,0
47,55,44,0,0
54,56,105,0,0
93,94,29,1,0
67,71,89,0,0
63,75,27,1,0
66,71,85,0,1
63,84,42,1,0
54,61,45,0,0
89,84,69,0,1
75,79,62,1,0
55,69,11,1,0
48,52,76,0,0
64,70,110,0,0
52,58,84,0,0
52,62,63,0,0
53,60,84,0,0
54,61,29,0,0
55,58,53,1,0
63,71,83,0,1
64,67,20,0,0
70,84,57,1,0
51,57,94,0,0
44,50,68,0,0
80,101,86,1,0
47,52,69,0,0
60,68,48,0,0
48,48,113,0,1
52,58,78,0,0
53,80,71,0,0
45,54,88,0,0
51,62,48,0,0
92,110,74,1,0
47,50,90,0,0
50,53,46,0,0
53,58,22,0,0
53,61,73,0,0
76,78,82,1,0
66,76,32,1,0
62,57,60,0,0
45,52,88,0,0
62,52,30,0,0
46,35,13,0,0
65,71,66,1,0
84,78,71,0,1
59,65,26,1,0
43,33,15,0,0
45,51,78,0,0
53,54,106,0,0
86,99,78,1,0
35,29,22,0,0
35,32,26,0,0
37,45,88,0,0
87,94,94,1,0
73,69,89,0,1
51,54,85,1,0
36,27,14,0,0
47,36,16,0,0
52,58,80,0,0
66,73,92,0,0
80,89,98,1,0
82,88,88,0,1
70,76,89,0,0
55,60,29,0,0
55,58,104,0,0
60,64,89,0,1
51,55,65,0,0
60,57,64,0,0
61,72,107,0,1
47,52,108,0,0
47,47,38,0,0
61,65,37,1,0
38,47,102,0,1
42,39,24,0,0
61,65,59,0,0
58,67,52,0,0
46,46,107,0,0
81,91,82,1,0
70,75,70,0,1
47,54,63,0,0
104,111,84,1,0
70,73,76,0,1
61,64,77,0,1
47,67,88,0,1
66,73,37,0,1
87,92,78,1,0
39,52,52,0,0
65,65,102,0,0
56,63,93,0,1
68,77,36,1,0
60,41,15,0,0
48,53,84,0,0
57,60,50,1,0
68,70,56,1,0
68,64,76,0,1
64,60,86,0,0
63,51,52,0,0
45,48,80,0,0
65,68,15,0,0
95,108,104,1,0
94,102,75,0,1
59,65,107,1,0
81,86,61,1,0
55,63,80,0,1
36,26,20,0,0
46,54,85,0,0
82,83,62,0,1
75,83,101,1,0
62,66,46,1,0
81,99,45,1,0
50,51,70,1,0
45,52,107,0,0
68,76,35,1,0
80,83,77,1,0
61,66,95,0,1
48,52,98,0,1
67,69,79,0,0
53,59,56,0,0
100,111,86,1,0
53,53,54,0,1
55,51,51,0,1
61,70,68,0,1
46,47,90,0,0
66,74,86,0,1
59,65,71,0,0
58,63,103,1,0
59,68,42,0,0
53,61,48,0,0
62,64,58,0,1
56,62,94,1,0
39,48,96,0,0
60,69,75,0,0
69,83,52,1,0
59,67,45,1,0
46,53,92,0,0
37,49,61,1,0
40,51,66,0,0
55,65,35,0,0
70,79,92,0,0
101,110,63,0,1
62,68,90,0,1
90,98,98,1,0
68,77,30,0,0
44,45,111,0,1
39,46,107,0,1
68,74,86,0,1
63,80,74,1,0
50,60,85,0,0
63,57,65,0,0
88,96,110,1,0
53,53,33,0,0
81,95,85,1,0
60,42,17,0,0
98,103,84,0,1
83,91,58,1,0
53,54,29,0,0
46,47,92,0,0
52,60,100,1,0
106,115,95,1,0
46,53,55,0,0
99,101,60,0,1
81,82,68,1,0
67,73,62,1,0
60,43,23,0,0
54,57,65,0,0
65,53,54,0,0
53,61,50,1,0
44,49,114,0,1
76,88,64,1,0
51,53,34,0,0
74,70,86,0,1
44,52,68,1,0
47,53,84,0,0
49,51,50,0,0
56,60,26,0,0
91,93,31,1,0
68,77,41,0,0
80,93,108,1,0
57,66,74,0,1
55,58,88,0,1
60,73,45,0,0
44,51,79,0,0
43,49,68,1,0
56,59,109,0,0
63,64,39,1,0
82,87,110,1,0
46,57,64,0,0
52,45,34,0,0
46,51,50,0,0
56,64,98,1,0
71,80,72,0,0
61,62,91,1,0
35,40,113,0,1
78,83,92,0,1
89,95,72,0,1
53,58,67,0,0
60,65,52,0,0
90,99,115,1,0
80,87,90,0,1
87,99,60,0,1
55,63,42,0,0
53,61,85,0,0
70,77,100,0,0
103,112,52,0,1
60,65,102,0,0
65,63,94,0,1
39,49,84,0,0
53,49,16,0,0
71,77,94,0,0
51,54,37,1,0
77,75,72,0,1
80,83,54,0,1
62,64,61,0,1
70,80,105,0,0
77,98,42,1,0
60,52,46,0,0
55,60,22,0,0
56,61,92,0,1
37,49,58,0,0
62,67,48,0,0
79,84,110,0,1
64,52,57,0,0
59,62,73,0,0
78,84,69,1,0
65,71,26,0,0
57,65,40,1,0
41,46,106,0,1
95,108,58,1,0
36,33,40,0,0
39,54,51,0,0
34,37,54,0,0
65,68,34,1,0
34,45,72,0,0
92,94,98,1,0
53,59,80,0,0
54,62,108,0,0
44,47,102,0,0
83,87,116,1,0
48,51,107,0,0
51,58,82,0,0
85,92,80,1,0
71,75,106,0,1
81,89,20,0,1
66,72,41,0,0
90,97,95,1,0
47,55,48,0,0
60,68,99,0,0
51,51,38,0,0
68,73,72,0,1
53,57,24,0,0
46,54,100,0,1
86,96,93,0,1
63,56,72,0,0
97,102,84,0,1
54,65,52,0,0
71,80,41,1,0
41,45,110,0,1
59,62,95,1,0
91,93,61,0,1
57,65,73,0,1
51,56,61,0,0
41,49,81,0,0
86,110,58,1,0
49,54,41,0,0
41,49,54,0,0
53,64,68,1,0
83,88,78,0,1
69,73,74,1,0
115,114,80,1,0
73,82,48,1,0
46,55,97,0,0
65,69,94,1,0
50,53,98,1,0
48,53,36,0,0
63,45,15,0,0
55,77,88,0,0
88,94,37,1,0
67,72,84,0,1
37,47,102,0,1
69,82,54,1,0
60,68,58,0,0
65,67,100,0,0
47,51,98,0,0
63,48,32,0,0
60,55,36,0,0
70,80,38,1,0
73,85,42,1,0
55,81,60,0,0
65,69,18,0,0
44,50,104,0,0
51,58,62,0,0
52,58,90,0,0
75,94,96,0,1
70,79,82,0,0
66,75,32,0,0
54,80,70,0,0
40,46,89,0,0
68,82,56,1,0
62,67,86,0,1
48,55,68,1,0
48,54,88,0,0
57,64,43,1,0
60,67,107,0,0
51,61,69,0,0
83,91,66,0,1
68,68,36,0,0
49,52,66,0,0
54,60,44,0,0
60,68,55,0,0
54,61,32,0,0
35,49,56,0,0
70,75,88,0,0
54,53,58,0,1
41,32,14,0,0
88,83,66,0,1
35,26,13,0,0
51,53,95,1,0
63,74,108,0,1
36,30,22,0,0
66,68,17,0,0
96,105,70,0,1
36,51,56,0,0
65,66,55,0,1
59,68,84,0,1
90,100,54,0,1
72,83,58,1,0
93,99,79,1,0
41,46,45,0,1
68,71,58,0,0
73,84,62,1,0
58,69,30,0,1
62,48,22,0,0
112,113,65,0,1
62,66,68,1,0
98,101,86,1,0
90,96,114,1,0
74,81,88,1,0
70,78,96,0,0
62,66,94,0,0
39,53,50,0,0
43,32,15,0,0
92,100,66,0,1
66,69,12,1,0
50,54,114,0,1
69,78,18,0,0
44,52,88,0,0
52,56,16,0,0
63,71,96,0,0
65,71,68,1,0
117,114,76,1,0
102,113,111,1,0
65,74,70,1,0
91,97,91,1,0
51,53,104,1,0
82,87,108,1,0
47,56,106,0,1
53,57,41,1,0
60,68,60,0,0
63,73,113,0,1
46,51,94,1,0
78,89,47,1,0
80,86,28,0,1
53,47,33,0,0
47,54,48,0,0
49,53,97,0,1
35,26,17,0,0
53,58,95,0,0
51,55,60,0,0
88,111,62,1,0
70,72,62,1,0
72,71,58,0,1
41,45,44,0,1
35,40,61,0,0
46,49,98,0,1
62,71,82,0,1
77,84,57,0,1
61,64,96,0,1
73,75,82,1,0
58,63,78,0,0
66,69,13,1,0
48,58,59,0,0
41,46,42,0,0
62,65,94,1,0
50,55,111,0,1
74,79,97,0,1
70,72,82,0,0
41,36,20,0,0
51,57,54,0,0
78,89,68,1,0
68,71,58,1,0
41,43,15,0,0
55,63,53,0,0
60,69,34,0,0
109,111,64,0,1
54,57,13,0,0
67,72,91,0,0
69,82,50,1,0
61,69,78,0,0
48,50,65,0,0
95,89,83,0,1
53,57,70,0,0
53,56,31,0,0
73,78,64,1,0
82,86,85,0,1
61,52,52,0,0
53,44,29,0,0
63,63,102,0,0
99,106,108,1,0
60,75,54,0,0
46,52,94,0,0
58,66,49,0,0
81,86,82,0,1
47,50,67,0,0
66,75,29,0,0
47,58,55,0,0
51,49,17,0,0
63,66,101,0,0
58,60,63,1,0
43,49,20,1,0
44,53,63,1,0
54,58,112,0,0
65,73,46,0,0
49,51,49,1,0
84,96,92,0,1
73,73,128,0,0
44,48,55,0,0
82,88,63,0,1
65,66,14,1,0
72,65,60,0,1
65,70,90,1,0
43,47,46,0,1
64,82,74,1,0
66,81,74,1,0
98,101,89,1,0
87,93,86,1,0
44,67,83,0,1
47,36,15,0,0
65,73,51,0,0
46,52,103,0,0
76,86,65,1,0
68,76,26,0,0
91,95,70,1,0
67,75,22,0,0
83,90,74,1,0
39,52,45,0,0
88,92,102,0,1
59,65,67,0,0
79,90,74,1,0
54,56,94,0,0
60,68,95,0,0
46,54,72,0,0
68,72,78,0,1
45,48,110,0,0
57,60,64,0,1
100,111,80,1,0
46,49,98,0,0
75,83,100,1,0
64,68,46,1,0
69,69,74,0,0
51,59,66,0,0
64,71,110,0,1
55,61,70,0,0
70,65,23,0,0
52,56,62,1,0
40,44,44,0,1
95,111,72,1,0
43,49,22,0,1
48,75,70,1,0
61,66,67,0,0
60,73,82,0,1
43,50,84,0,0
70,79,82,0,0
74,69,58,0,1
43,54,102,0,0
53,59,14,0,0
53,53,57,0,0
106,112,116,1,0
76,83,79,1,0
45,55,114,0,0
52,43,20,0,0
80,90,59,1,0
45,48,50,0,1
35,29,20,0,0
46,52,90,0,0
48,69,29,0,0
66,72,70,0,1
65,77,40,0,0
94,100,102,1,0
46,54,59,0,0
69,77,96,0,1
63,81,61,1,0
54,62,39,0,0
61,65,95,0,0
53,56,26,0,0
68,65,96,0,1
38,45,94,0,0
45,46,106,0,0
60,56,116,0,1
51,58,86,0,0
76,85,106,0,1
48,51,62,0,0
52,52,68,0,0
69,68,86,0,0
98,112,83,1,0
83,89,73,1,0
56,60,85,0,1
52,57,21,0,0
68,68,62,0,0
66,69,48,1,0
53,59,83,0,0
54,54,15,0,0
69,69,25,0,0
48,52,66,0,0
83,93,95,0,1
56,76,63,1,0
68,69,83,0,0
68,68,56,0,0
97,99,82,0,1
52,59,37,0,0
64,68,86,1,0
53,59,28,0,0
110,115,100,1,0
77,83,86,0,1
53,64,37,0,0
46,51,104,0,0
